driverId,name,ssn,location,certified,wage-plan
10,Lori Davis,551-19-9706,"990 Megan Dam
North Laurenmouth, ME 95622",Y,hours
11,David Guerrero,193-96-7792,"793 Nunez Row Suite 850
Port Lucasland, DC 71219",Y,hours
12,Julia Cook,352-01-8542,"PSC 6666, Box 2172
APO AA 61730",Y,miles
13,Lisa Lee,119-98-4409,"5995 Benitez Wells
New Jeffreyburgh, MA 63254",N,hours
14,Catherine Cannon,894-15-2517,"PSC 6374, Box 9591
APO AA 76294",N,hours
15,Nicole Potter,723-10-1359,"995 Bradley Flat Suite 319
Younghaven, FM 14365",N,miles
16,Ronnie Doyle,288-65-4253,"415 Raymond Summit
Olsonshire, IN 88287",N,miles
17,Virginia Powers,895-60-9134,"Unit 8061 Box 1898
DPO AP 61965",N,miles
18,Cory Mcdonald,665-79-3678,"6692 Wright Harbor Apt. 771
Lake Markshire, CO 65089",Y,hours
19,Jeremy Hernandez,492-62-9965,"510 Alexander Viaduct
West Stephenchester, IL 32069",Y,miles
20,Destiny Wyatt,256-51-8490,"9457 Porter Landing Suite 303
Chanfurt, MO 52211",Y,miles
21,Mike Allen,289-21-8188,"1146 Stephen Lights
Port Paul, IN 03720",N,miles
22,Gina Ross,237-70-8998,"32869 Katherine Highway Suite 570
Millerton, RI 43027",Y,hours
23,Marcus Mclean,808-50-8330,"3031 Johnson Union Apt. 009
Dianemouth, MO 56129",Y,hours
24,Donald Jenkins,220-24-1064,"Unit 7430 Box 8365
DPO AA 35620",Y,miles
25,Lori White,880-53-7935,"28144 Cody Trace
North Luismouth, NE 97497",Y,miles
26,Cheryl Mcclure DDS,519-55-1435,"4554 John Union Apt. 289
Garciaville, TN 35012",N,miles
27,Michael Sims,530-52-4424,"048 Li Burg
Andersonland, GU 71888",N,miles
28,Jeffery Cobb,634-48-5213,"838 Lang Village
Woodsport, NE 17545",Y,miles
29,Stacie Oneal,133-02-1922,"USS Jennings
FPO AP 10243",N,miles
30,Frank Jimenez,370-95-6845,"12750 Clark Highway Apt. 445
Rojasmouth, RI 45563",Y,miles
31,Jeanette Clark,494-27-7680,"50835 Julie Street
Port Robert, AS 92663",N,hours
32,Gregory Duncan,348-22-5821,"633 Williams Crossing
Juliastad, IA 89561",Y,hours
33,Rachel Miller,224-88-2126,"71927 Anthony Flat
Lake Matthew, IN 42790",N,miles
34,Gina Brown,491-24-7188,"7411 Fisher Mission
New Melissaside, MT 71900",Y,hours
35,Barbara Rodriguez,894-47-9577,"70474 Joseph Rue
North Robinland, VT 41136",N,hours
36,Theresa Morgan,107-46-1581,"715 Johnson Harbor
East Kellyshire, RI 72542",N,hours
37,Bruce Gonzales,093-77-5568,"0601 Richard Stream
Markview, PR 01556",Y,miles
38,Christopher Allen,061-56-7231,"923 Katherine Estate Apt. 167
South Laurie, SC 58142",Y,hours
39,Bradley Brewer,647-06-5288,"64442 Kevin Place Suite 617
West Crystalland, FM 80753",N,hours
40,Chelsea Rivera,690-55-9282,"98291 James Field
South Jessica, UT 33601",Y,hours
41,Robert White,498-77-2325,"2012 Moreno Forges
North Debraburgh, AR 12409",N,hours
42,Cassandra Hernandez DDS,206-12-3599,"83301 Michael Cliff Suite 850
South Christopherland, AS 51874",N,miles
43,Justin Dawson,081-16-3344,"93840 Scott Rest Apt. 175
Hunterborough, IL 57381",N,miles
44,Nicole Nguyen,569-51-5951,"2734 Burton Forks Suite 681
South Lindaberg, WI 51130",Y,miles
45,Kristen Stout,092-88-5731,"232 Kaitlyn Circle Apt. 247
Downsville, TN 11228",Y,miles
46,Vanessa Carroll,271-02-6791,"7796 Harper Manors
East Jeffrey, KS 23265",Y,miles
47,Michele Fernandez,561-79-0359,"004 Mackenzie Parkways Apt. 708
West Kathrynfort, CO 52437",Y,miles
48,Brenda Beasley,326-04-3090,"80467 David Plains
New Gordonmouth, RI 23944",N,hours
49,Jenny Miller,608-86-6645,"0319 Hanna Ridges
Timothychester, MT 54939",Y,hours
50,Elizabeth Brown,509-37-9802,"PSC 6134, Box 7793
APO AA 32806",Y,hours
51,Linda Hawkins,828-04-1478,"Unit 6326 Box 8945
DPO AP 79829",N,miles
52,Katie Alexander,084-64-4330,"220 Johnson Expressway Suite 890
South Dennis, AL 86915",Y,miles
53,Benjamin Barnes,227-04-6832,"047 Hernandez Trail Suite 906
Stewartbury, PW 21592",Y,miles
54,Leah Johnston,771-57-2887,"50675 Washington Pass
Smithberg, MI 12408",Y,hours
55,Jessica Mclaughlin,308-97-8225,"7452 Baker Forges
Port Jacktown, PA 62054",N,hours
56,Henry Murray,352-19-7298,"6519 Shaun Plains
New Alexanderberg, DC 45837",N,miles
57,Mary Gamble,395-38-3091,"116 Phillips Rapids
South Colton, MI 48583",N,hours
58,Allison Walker,248-91-8250,"Unit 6034 Box 1578
DPO AP 06419",N,hours
59,Reginald Hood,639-64-3614,"50702 Hunter Village
Port Sherry, VI 20317",N,hours
60,Kathleen Brown,868-25-5502,"9573 Erin Islands Apt. 773
Shaneshire, AS 75622",N,hours
61,James Stephens,120-28-5310,"69811 Jeffrey Shoal Apt. 082
Kelseymouth, IA 72811",Y,hours
62,Ronald Salazar,073-99-5225,"138 Matthew Ports Apt. 320
Johnsonfurt, PA 97585",N,miles
63,Jennifer Gonzalez,835-76-6328,"270 Henry Causeway Suite 910
Maynardbury, WY 18906",Y,hours
64,Brandon Jones,513-25-2060,"962 Fritz Pine
Williamsland, NV 32631",N,hours
65,Barbara Butler,425-31-9555,"09613 Amanda Forges
Lake Shawnstad, MT 49621",Y,miles
66,Barbara Benjamin,051-77-5157,"676 Thornton Hollow Apt. 026
East Catherine, VI 11622",N,miles
67,Pamela Li,571-38-8848,"15789 Yu Roads
West Joanneberg, DE 16518",Y,miles
68,Debbie Lewis,159-12-8647,"8425 Edwards Valley
Salinashaven, IA 81893",Y,miles
69,Matthew Bruce,486-72-4290,"5776 Henry Parks
Lake Samanthamouth, MO 20770",Y,miles
70,Jennifer Jarvis,374-27-4107,"22935 Dennis Hills
Port Douglasview, MT 93044",Y,miles
71,Alexandra Bowman,145-74-6703,"242 Frederick Via Apt. 483
Port Blakeborough, RI 58540",N,hours
72,Nicholas Ramsey,661-94-5580,"3823 May Bypass Apt. 630
Port Jamesport, AK 12922",N,hours
73,Tracy Rios,891-70-2840,"469 Dunlap Union Suite 931
North Melanieview, NE 72540",N,hours
74,Michael Ramirez,477-21-8760,"186 Elizabeth Corners
Johnsonfort, FL 89088",N,hours
75,Victoria Martinez,381-99-0723,"Unit 2896 Box 5250
DPO AP 87019",N,hours
76,Teresa Martin,198-85-2059,"1544 Michelle Oval
North Carolyn, FM 40324",Y,miles
77,Kelly Sanchez,210-76-5109,"37018 Evans Mountain
South Shanefort, WA 03543",Y,hours
78,Terri Jenkins,099-43-3999,"7375 Jim Port Apt. 000
Carlsonstad, MI 76740",N,hours
79,Jasmine Hansen,479-44-0279,"865 Samantha Harbors Suite 641
East Anita, UT 11310",N,hours
80,Catherine Young,416-67-1436,"994 Michelle Parkway Suite 401
Cochranland, CA 09258",N,miles
81,Richard Higgins,709-12-8445,"27095 Ramsey Drive
Myersside, DC 72508",Y,miles
82,Jenna Lee,703-09-4911,"408 Stacey Ramp Apt. 917
Kyleport, NE 83874",Y,hours
83,Kenneth Duarte,378-05-6853,"5075 Miller Terrace
Lake Shaunport, CO 24296",Y,hours
84,Wendy Lawrence,150-58-0506,"5355 Farrell Estates
East Jeffreyhaven, AZ 62667",Y,hours
85,Michael Lawson,287-31-0366,"47580 Harold Flat
North Meganhaven, SC 02134",Y,hours
86,Kevin Hughes,818-54-4049,"60115 Daisy Drive
Cynthiamouth, MS 81161",N,hours
87,Randall Cervantes,042-19-5745,"338 Brittany Rue
Anthonybury, MH 51253",Y,hours
88,Jessica Escobar,725-48-2680,"7205 Michael Hills Suite 435
South Thomas, NE 88593",Y,hours
89,Kenneth Barnes,740-06-0528,"3228 Brittney Gateway Apt. 210
Kaylaland, KS 63734",N,hours
90,Daniel White,410-15-4279,"USNV Stein
FPO AE 71926",Y,miles
91,Alex Garcia,738-65-1115,"019 Ian Rest
Brookshaven, CO 19187",Y,hours
92,Kelly Stewart,326-30-0625,"324 Robert Plain
Jamesfort, DC 30716",Y,miles
93,James Collins,661-80-3309,"2791 Carpenter Mountain Suite 606
Maytown, PW 08247",N,hours
94,Candace Lynch,362-78-4918,"426 Elizabeth Fields
Edwinberg, DC 14088",Y,hours
95,Mary Coleman,006-48-7299,"232 Rios Fords Suite 920
New Sharon, WI 84332",N,hours
96,Lisa Hartman,402-47-9760,"836 Brett Road Suite 309
Davisberg, PW 68225",N,miles
97,Madison Nguyen,565-71-4422,"519 Walker Shoal Apt. 022
Lake Patricia, PW 14991",N,hours
98,Adam Douglas,146-57-5301,"123 Hays Junctions Apt. 213
Donaldhaven, VT 65181",Y,hours
99,Mitchell Bailey,351-82-7938,"06247 Crawford Loaf
East Dustin, RI 59985",Y,miles
100,Maria Davis,864-91-5907,"1409 Rivas Crescent
East Michelle, GU 70855",Y,hours
101,Robin Sullivan,286-49-3846,"1169 Joy Creek
Lake Brittney, IN 40566",Y,miles
102,Joe Williams,464-94-5352,"Unit 4790 Box 6237
DPO AP 27304",N,miles
103,Jackie Morales,882-32-0908,"19274 Dudley Parks Apt. 024
East Robert, SC 54976",Y,hours
104,Autumn Ward,358-05-5022,"78424 John Oval Apt. 726
West Candace, MD 47142",Y,hours
105,Dakota Pham,280-38-4303,"54586 Jenna Haven
South Jason, DC 03270",Y,miles
106,Jordan Valentine,315-48-3625,"7903 Smith Isle Suite 574
West Richardton, ID 71333",Y,miles
107,Melissa Black,675-87-8702,"512 Hunter Ranch Suite 595
South Jeanside, WY 94696",N,hours
108,Stacey Coleman,627-80-8403,"44651 Bowers Mission Suite 740
Jonathanmouth, NV 67289",Y,miles
109,Heather Young,523-40-8884,"2141 Jennifer Viaduct Apt. 997
Lake Sherrymouth, TN 70806",Y,hours
110,Amber Lynch,252-11-3010,"1512 James Lodge Apt. 410
New Nancy, NC 54647",N,miles
111,Brian Nelson,470-95-2006,"USNV White
FPO AE 66731",N,hours
112,Christopher Conley,303-37-7055,"2108 Beck Villages
West Perryfort, VT 96759",Y,miles
113,Ashlee Henry,477-63-0989,"46362 John Cape
North Sandra, MO 17662",N,hours
114,Ricky Gonzalez,597-17-0147,"20186 Hamilton Spurs Apt. 424
New Jeremystad, AR 79692",N,miles
115,Kenneth Lang,812-45-8622,"36580 Douglas Parkway
Lake James, NJ 97100",Y,hours
116,Rachel Holmes,588-92-9826,"2988 Linda Prairie Apt. 362
South Vanessachester, VI 30119",N,miles
117,Matthew Costa,436-92-6461,"841 Christine Ferry
New Frankfurt, AS 57085",N,miles
118,Kaylee Brown,089-06-2788,"05296 Amber Burgs
Port Christine, IL 26744",N,miles
119,Chase Miller,111-64-1452,"20654 Melissa Burgs
Lake Reginaldchester, NY 06092",N,miles
120,Brenda Garcia,740-73-4156,"14756 White Extension
North Wesleymouth, MA 51316",Y,hours
121,Christine Rowe,784-73-6170,"127 Nguyen Corners Apt. 739
West Allison, MP 09964",Y,miles
122,Eric Conway,017-05-2178,"5323 Ashley Club
East Jennifer, WV 93425",N,hours
123,Kayla Miles,097-36-3726,"94060 Rivera Fork Suite 806
New Vincenttown, ID 37998",Y,miles
124,Beverly Nunez,667-44-9132,"PSC 4864, Box 2193
APO AA 92640",N,hours
125,Scott Contreras,342-02-5819,"324 Kennedy Burgs Apt. 818
East Davidstad, NM 20441",Y,hours
126,Vanessa Alvarado,650-10-6197,"1572 Osborn Tunnel Apt. 731
West Veronica, AR 01593",Y,miles
127,Edward Bean,142-70-2248,"74664 Jacob Shores Apt. 473
Ingramton, NM 57867",Y,miles
128,William Young,234-65-6605,"48670 Lawson Land Suite 071
Thomaston, PW 15069",Y,hours
129,Courtney Joseph,604-27-0838,"3651 Travis Mount Suite 922
Melissafort, PR 69309",N,hours
130,Lawrence Griffith,692-33-0792,"64854 Williams Avenue
Port Richard, LA 39152",Y,miles
131,Jennifer Johnson,587-60-9608,"6607 Robert Plains
South Robert, VI 76305",Y,hours
132,James Patterson,630-67-8069,"2284 Sarah Freeway
Carolberg, AZ 08279",Y,miles
133,Tara Jenkins,081-10-3501,"97984 Oconnor Place
Timothyview, GA 36409",N,hours
134,Joshua Melton,425-69-4214,"82853 Garner Ferry Apt. 062
Josephland, AZ 31465",Y,hours
135,Michelle Ayers,319-01-8962,"850 Katie Hollow Suite 811
Lake Danielle, WA 77395",N,miles
136,Shelia Jordan,670-81-4488,"5829 Megan Corner Apt. 711
New Jacobport, RI 67113",N,hours
137,Robert Good,181-32-8264,"9568 Foster Forks
Janettown, VA 89165",Y,hours
138,Tina Allen,193-93-4414,"887 Amy Squares Suite 457
Martinshire, MO 81165",Y,hours
139,Andrew Skinner,072-90-7226,"USS Adkins
FPO AP 49717",Y,hours
140,Michelle Ochoa,746-49-0670,"8135 Petersen Tunnel Suite 442
North Jessicaton, MH 36997",Y,miles
141,Alyssa Meyers,315-84-6310,"28373 Gardner Manor
North Janet, FL 39760",Y,hours
142,Shane Ford,459-12-0649,"093 Lindsay Spurs
Lake Michaelborough, AK 38908",N,miles
143,Isaac Diaz,380-18-4667,"81040 Doyle Pines Apt. 333
Bobbyfurt, VI 61435",Y,hours
144,Alicia David,431-55-8862,"27007 Michael Squares
Tatechester, DE 12993",N,miles
145,Renee Russo,652-93-5830,"50422 Olson Common Suite 166
Lake Jennifermouth, NM 37223",Y,hours
146,Darrell Matthews,337-88-7214,"8725 Erica Summit
Hardyview, FM 04512",Y,miles
147,Julie Lewis DVM,472-44-8644,"PSC 0282, Box 2676
APO AP 68748",N,miles
148,Gabriela Garner,115-34-1601,"706 Brian Circles
Port Kristen, AR 15405",N,miles
149,Elizabeth Dixon,113-60-2460,"1410 Lisa Streets
North Joelview, IA 14597",Y,miles
150,Gregory Smith,807-55-9806,"11044 Moore Row
Andersonmouth, NE 37914",Y,miles
151,Paula Dickerson,294-55-1906,"34041 Thomas Point
Maryhaven, VA 05152",N,miles
152,Jose Larson,134-61-4952,"926 Allison Highway
North Duaneview, PW 49214",N,miles
153,Rebecca Pittman,667-48-4699,"73430 Stephanie Springs Suite 435
Jessehaven, RI 50217",Y,miles
154,Deborah Anderson,457-45-3282,"251 John Shores
Greenberg, WV 51445",N,hours
155,Vincent Fletcher,786-18-6017,"62388 Randall Hill
Mercadostad, GU 63404",Y,hours
156,Kristine Perez,015-51-0759,"692 Adams Pines Apt. 699
North Philip, IN 21566",Y,miles
157,Deborah Pineda,277-52-9883,"065 Underwood Highway
Lake Rebecca, IA 76892",Y,hours
158,Lori Bates,198-75-9714,"0210 Malone Path
Johnton, TN 58275",Y,hours
159,Christopher Perkins,041-31-1786,"USNS Johnson
FPO AA 62921",Y,miles
160,Lance Gonzalez,715-11-9877,"27329 Anderson Meadows Suite 219
Foxborough, VA 66117",N,miles
161,Teresa Williams,714-14-5279,"29783 Watkins Lights Apt. 931
Christopherchester, VT 96295",N,miles
162,Ian Coleman,284-35-8199,"29315 Colin Summit
Warrenchester, HI 68601",Y,hours
163,Mike Lane,076-45-4431,"8180 Kathryn Prairie Suite 588
North Laura, ND 18391",N,miles
164,Bianca Bailey,657-21-3280,"20935 Smith Prairie
Crystaltown, AR 92347",N,hours
165,Timothy Murphy,805-03-2481,"9637 Rachel Rapids Suite 528
Williamsland, ME 75829",N,miles
166,Cynthia Ramos,171-98-4439,"11931 Kimberly Shore
Roseborough, NE 24243",Y,hours
167,Zachary Kaufman,232-11-3742,"541 Sanchez Plains Suite 104
Turnerberg, HI 89498",N,hours
168,Melanie Peterson,566-45-7613,"8693 Patrick Creek Suite 347
North Cathyburgh, GU 97735",N,hours
169,Nicholas Manning,790-59-9580,"0512 West Circle Suite 632
West Brian, VA 45165",N,miles
170,Abigail Hall,647-66-8855,"52472 Miles Circles
North Jennifer, IA 96676",N,hours
171,Gloria Miller,441-03-4010,"7756 Meadows Meadow Suite 632
Murphyshire, TX 19984",N,miles
172,Nathan Bird,793-27-6845,"10566 Baldwin Light
South Ashleyborough, AK 47331",N,hours
173,Dana Johnston,804-79-1432,"73009 Rivera Brook Apt. 224
Beltranshire, CA 55069",Y,miles
174,Christopher Mann,318-66-3214,"3523 Duran Lake Apt. 289
East Abigail, AR 85978",N,hours
175,Angela Khan,198-96-5636,"41177 Richardson Prairie Suite 567
Maryside, GA 31051",N,miles
176,Aaron Hernandez,794-91-1433,"03430 Jones Mill
Austinfort, NM 76922",Y,hours
177,Erin Small,528-69-5745,"221 Melissa Island Suite 115
Lake Judyview, OR 55949",N,hours
178,Christina Peterson,301-99-5692,"88203 Randall Island
West Joyceland, AZ 21306",N,hours
179,Stacy Ramos,297-19-9579,"53649 Sparks Corner
Austinville, HI 70019",N,hours
180,Mike Flores,841-46-6386,"USNV Mendez
FPO AE 25392",N,hours
181,Anna Ferrell,287-29-0045,"1544 Bridges Harbor Apt. 250
West Patricia, ND 22101",Y,hours
182,Mark Rodgers PhD,256-06-0307,"768 Juarez Parks
Edwardtown, UT 08225",Y,hours
183,Toni Jones,798-39-3027,"8464 Snyder Shoal
South Anita, NJ 17280",N,miles
184,Sergio Bautista,379-38-9995,"2970 Tony Vista
Lake Beverlystad, FL 79937",N,miles
185,Daniel Clayton,337-14-6217,"7624 Gabrielle Stream Suite 916
Lake Jacob, MT 66737",N,hours
186,Christopher Mcgrath,875-35-5432,"4418 Walker Manor
Bowersfurt, FL 06910",Y,miles
187,Kathy Cummings,560-54-1583,"3724 Matthew Centers
South Dylanberg, WY 32015",Y,hours
188,Heather Santos,241-22-6740,"Unit 8157 Box 6456
DPO AP 31707",Y,miles
189,Mr. Scott Tran,179-91-0069,"751 Timothy Club
East Fred, NY 32652",Y,miles
190,James Tapia,770-94-9803,"9974 Judith Fort Apt. 423
Port Cesar, CO 90451",N,miles
191,Lisa Lee,710-75-2334,"528 Griffin Inlet Apt. 593
South Tonyamouth, SD 69751",Y,miles
192,Richard Obrien,096-79-3982,"58001 Jessica Camp
Adamsshire, NY 84624",N,hours
193,Jennifer Koch,692-12-3133,"8459 Heather Center
Richardside, NY 53743",N,miles
194,Jonathan Wolfe,410-69-9509,"0556 White Vista Suite 334
West Angelaberg, MP 59076",Y,hours
195,Mr. Jon Strickland,347-06-0145,"98042 William Harbor
Pamelamouth, LA 63434",N,miles
196,Patricia Odom,539-37-4882,"7165 Cameron Ville
Terrystad, OH 40352",N,hours
197,Thomas Ross,814-87-2779,"014 Patrick Green
Port Ashley, CA 56196",N,hours
198,Robert Rich,367-39-7388,"958 Hickman Tunnel
Shannonside, VT 33004",N,miles
199,William Willis,224-24-8999,"PSC 0507, Box 5330
APO AA 13142",N,miles
200,Derek Bauer,539-93-4601,"4670 Pena Cliff
Tracyside, NM 40928",N,hours
201,Jeremy Anderson,218-67-3644,"Unit 5822 Box 7041
DPO AA 70662",N,miles
202,Jordan Green,718-23-2847,"96446 Laura Rapids
Jennachester, WA 47380",Y,hours
203,Jennifer Morris,065-11-6404,"471 Tanya Square Suite 255
Lake Deniseport, DC 61196",Y,hours
204,Emily Romero,821-60-8041,"0438 Sullivan Roads Suite 893
North Jennifermouth, NJ 20851",Y,miles
205,Christopher Sanford,561-45-3651,"17032 Maldonado Fields
Lisatown, CA 50904",N,miles
206,Lauren Moreno,787-18-7122,"026 Regina Streets
Robinsontown, MN 01474",N,miles
207,Kenneth Gibbs,027-33-2603,"8582 Baker Curve Apt. 621
Joshuachester, GU 93857",Y,hours
208,Leslie Young,683-96-8296,"56085 Kristi Squares Apt. 135
Laurenton, PA 77866",Y,hours
209,Brandon Hudson,780-15-5359,"60565 Lutz Villages Suite 758
Ramoschester, GA 04658",Y,miles
210,Paul Fleming,535-69-1228,"587 Turner Walks Apt. 735
New Benjamin, NH 89888",Y,hours
211,James Murray,836-65-6118,"PSC 7529, Box 7523
APO AA 01342",N,hours
212,Mark Haynes,550-47-2516,"537 Sarah Course
Rileyborough, MS 61179",Y,hours
213,Dr. Wendy Chandler MD,674-31-6324,"4242 Buchanan Locks
Lindseyton, WY 77569",N,miles
214,Danielle Sweeney,235-82-5129,"0579 Paul Divide Apt. 465
South Bobburgh, NH 86534",N,hours
215,Nicole Guzman,690-47-2485,"269 Jonathan Lane Apt. 485
Weberfurt, GU 86844",Y,miles
216,Teresa Mccarthy,041-11-6943,"38435 Brown Forge
East Tara, CO 59335",N,hours
217,Donna Miller,123-75-8800,"48120 Knight Land Apt. 252
Elizabethtown, GA 07974",N,hours
218,Melanie Roberts,503-01-0116,"42621 Crystal Lakes
Lewisport, WI 57332",N,miles
219,Megan Hall,184-25-7701,"09303 Hines Summit
West Jaredside, NV 17076",N,miles
220,Stephen Harmon,358-81-3949,"4595 Pearson Grove
Nelsonmouth, RI 34131",N,miles
221,Michael Campbell,422-28-0127,"986 George Lodge
New Laurenmouth, UT 65848",N,hours
222,Amy Reyes,296-38-0221,"Unit 0393 Box 7970
DPO AA 55591",N,hours
223,Jasmine Schmidt,394-46-4094,"012 Peter Alley
Lake Whitney, AK 23917",Y,miles
224,Anthony Stephenson,633-40-5534,"019 Jessica Manor Suite 282
New Daniel, DC 29508",N,hours
225,Patricia Clay,027-27-4033,"Unit 9860 Box 9429
DPO AP 93710",Y,miles
226,James Conner,382-92-1367,"1086 Williams Square Apt. 396
East Charles, GA 72996",Y,miles
227,Carolyn Gonzalez,058-54-2027,"32954 Willis Junctions
Boltonfort, ID 40791",N,hours
228,Jessica Wright,634-88-6229,"62472 Lisa Stream Suite 205
Kennedyborough, VA 00814",N,hours
229,Allison Spence,751-69-1673,"59418 Lara Inlet
North Elizabethton, OR 10973",N,hours
230,Keith Powell,211-76-1278,"7767 Maria Point
Jesseview, MI 74707",Y,hours
231,Kevin Lee,143-94-2774,"7338 Sharon Forges
North Jeffery, PR 89868",N,miles
232,Susan Lopez,203-96-9608,"50211 Wilson Ways
Bishopburgh, OH 40829",Y,hours
233,Ashley Barrett,005-10-0083,"978 William Drive Suite 247
Lake Alexisstad, WY 24597",Y,hours
234,Crystal Dawson,261-52-8208,"89346 Jason Ford Apt. 285
North Devinville, KY 15507",N,miles
235,Sandra Martin,434-38-9406,"699 Sonya Vista Apt. 529
West Tiffanyport, AL 83464",N,hours
236,Cynthia Miller,172-67-9029,"496 Williams Corner Apt. 505
South Michellebury, CT 32459",Y,miles
237,Paul Hall,569-46-2494,"6560 Hall Prairie Suite 280
West Wayne, MS 25406",N,hours
238,Brittany Mckenzie MD,614-01-9962,"3230 Arthur Isle Apt. 132
Campbellchester, DC 95526",Y,miles
239,Mrs. Lisa Richardson,296-35-4793,"Unit 6754 Box 2930
DPO AA 86442",Y,miles
240,Monica Miller,727-90-8282,"830 Pierce Lakes
Maryshire, DE 49376",Y,hours
241,Jessica Goodwin,269-96-1664,"7733 Alvarez Pine
North Zachary, NM 26879",N,miles
242,Rebecca Vaughn,830-35-1277,"13518 Sloan Court
Rhondafurt, LA 67803",Y,miles
243,Steven Vargas Jr.,288-17-5295,"7370 Chapman Fords Suite 311
Port Jennifertown, SD 89339",N,miles
244,Jason Cummings,289-82-2731,"509 George Extensions
Emilyfort, VT 75320",Y,miles
245,Sheryl Mullins,271-48-9875,"3850 Vargas View Apt. 677
Lisabury, NH 85889",N,miles
246,Michael Cortez,539-19-6477,"4770 Orr Locks Suite 149
Nicholasfort, WY 84365",Y,miles
247,Sara Elliott,714-38-2527,"50005 Johnson Corner
Richardsonstad, OR 05624",N,miles
248,Devin Yu,266-13-6614,"04514 John Plains
Andrewmouth, RI 08653",Y,miles
249,Michelle Porter,751-25-0038,"22253 Timothy Turnpike Apt. 833
East Susan, ND 72792",Y,hours
250,Steven Adams,889-37-1276,"79947 Cheryl Harbor
West Craig, MA 50822",Y,miles
251,Lisa Roberts,314-94-0432,"81035 Kimberly Turnpike Suite 906
Bennettland, NM 69846",N,miles
252,Paul May,673-65-3165,"869 Wilson Road Apt. 977
North Peter, CA 12839",N,miles
253,Sean Gomez,145-33-5147,"61717 Richard Mountain
Jeffreyborough, AK 41972",N,hours
254,Adam Martinez,722-94-4195,"1863 Franklin Harbor Suite 216
Masonchester, TN 60989",N,hours
255,Sandra Schultz,180-57-8040,"58167 Renee Rapid
South Heather, WA 60272",Y,hours
256,Annette Andrews,261-15-5214,"PSC 5338, Box 7536
APO AA 21216",N,hours
257,Joshua Castillo,071-65-6462,"354 Andrew Cliff
Port Brian, AR 30663",N,miles
258,Timothy Sanders,815-81-3194,"USNV Brown
FPO AP 11043",N,hours
259,Crystal Lee,699-07-9599,"PSC 1140, Box 4971
APO AP 63122",Y,miles
260,Melissa Odonnell,221-76-0940,"862 John Mission Apt. 001
West Amyton, MD 01833",N,hours
261,Laura Burton,230-24-2259,"794 Parker Plaza Suite 930
Port Angelamouth, WY 18961",Y,hours
262,Seth Nelson,511-26-6986,"407 Crawford Orchard Apt. 356
Port Denise, PW 43758",N,hours
263,Kevin Hines,418-63-6381,"6926 Bennett Orchard
Lake Michaeltown, IN 71192",N,miles
264,Brandon Noble,753-13-8929,"19865 Skinner Junction
Elliottmouth, NJ 75547",N,miles
265,Jason Walker,152-56-8720,"USNS Juarez
FPO AA 31975",Y,hours
266,Ross Rowe,634-07-0917,"91006 Brown Alley Suite 758
Kimberlyland, AL 55071",N,hours
267,Beverly Jenkins,864-46-4419,"9194 Stevenson Mountain Apt. 689
Nancychester, UT 31148",Y,miles
268,Jeff Shields,313-16-1385,"292 Simpson Island
Boyerfort, KS 22481",N,hours
269,Tanya Mcdonald,065-33-2648,"114 Brittany Port
New Paul, AS 14183",Y,miles
270,Jamie Jackson,759-13-2040,"78852 Russell Club Apt. 986
Lake Joelfurt, AK 12017",N,miles
271,Dr. Kelly Obrien,185-86-1748,"9787 Jefferson Bridge Suite 639
South Erik, MA 67320",N,hours
272,Marc Smith,237-15-1669,"3697 Kimberly Corners
Williambury, MH 11390",N,hours
273,Jennifer Austin,213-99-3712,"7199 Emma Lane Suite 335
East Jade, MI 94795",N,hours
274,Rebecca Johnson,558-71-9075,"23904 Michael Terrace Apt. 983
Lake Dale, MS 67074",Y,miles
275,Dawn Harris,401-97-7478,"82291 Sanders Brooks
New Haroldport, NY 05854",Y,hours
276,Monica Marshall,533-49-5031,"381 Weaver Manor
Riosport, DE 26033",Y,hours
277,Kelly Price,500-59-2705,"2893 Garza Burgs
Lake Bradley, MT 94376",Y,hours
278,Michael Byrd,671-39-6297,"91504 Matthew Mission Suite 827
Timothyberg, AL 80110",N,hours
279,Mary Perez,366-79-5906,"655 Lindsey Tunnel Apt. 296
East Veronicaborough, VI 61605",N,hours
280,Lori Jones,348-01-2274,"74740 Wright Roads Suite 549
Greenfort, NC 68191",N,miles
281,Yvette Shaw,672-19-5802,"283 Taylor Isle Suite 399
New Charlesport, AZ 63545",N,miles
282,Jamie Johnson,860-74-4222,"PSC 5589, Box 3882
APO AA 20347",Y,miles
283,Todd Hayes,852-46-3982,"995 Kelly Meadows Suite 622
Port Katelynport, MS 43334",Y,miles
284,Chase Smith,772-06-3996,"81826 Andrew Coves
Smithside, SC 59714",N,miles
285,David Torres,584-80-9466,"PSC 7828, Box 4781
APO AP 65829",Y,hours
286,Joseph Hughes,661-04-3767,"46214 Patrick Rapids
Lewisland, MO 05597",N,miles
287,Connor Stuart,628-30-2497,"40267 Tammy Island
Port Yolandaside, MS 84861",N,miles
288,Matthew Little,153-45-6223,"80753 Amy Radial Suite 596
Jamieport, HI 11394",Y,miles
289,Norma Hobbs,749-53-4938,"103 Nicole Spur
Floresside, GU 27212",Y,miles
290,Shane Johnson,354-49-7609,"036 Joseph Points Suite 647
Colemouth, MP 66746",Y,miles
291,James Miller,403-77-1868,"84834 Bullock Shoals
Joshuashire, IN 52002",N,miles
292,Brenda Sanders,829-73-2866,"95429 Morgan Mews
Michaelburgh, VT 98001",N,miles
293,Angela Riley,226-67-4190,"434 Powell Coves Suite 284
Churchmouth, ME 97451",N,miles
294,Anthony Cook,497-21-5564,"54562 Foley Crossing Suite 435
Arthurport, NY 98267",N,miles
295,Benjamin Clark,217-04-9878,"871 Robert Streets
Seanberg, SC 14691",Y,hours
296,Dalton Raymond,653-43-2175,"951 Corey Spurs
New Rachel, GA 00902",Y,hours
297,Susan Barnes,778-09-1445,"6088 Daniel Station
South Paul, AL 88991",N,hours
298,Diana Ramirez,296-08-7512,"3519 Jacob Mount
Tracyberg, NC 60251",N,hours
299,Joshua Roach,718-20-6297,"40074 Delgado Glens Apt. 368
Gregmouth, UT 75129",Y,hours
300,Dr. Brian Brown,652-25-1544,"36287 David Rue Apt. 968
Saramouth, ND 87358",N,hours
301,Becky Phillips,852-46-6144,"313 Wilson Streets Apt. 266
Castroshire, GA 69191",Y,hours
302,Robert Richmond,069-15-9087,"84080 Powell Squares Apt. 031
East Chase, NJ 49170",Y,hours
303,Christopher Duncan,350-87-3049,"69233 Nicholas Brook Suite 098
South Audrey, MI 81819",Y,miles
304,Elijah Patterson,814-83-9725,"44279 Kimberly Ville Suite 452
Diazfurt, AR 75415",N,hours
305,Christopher Hughes,180-86-5310,"112 Kelly Alley
Jonathanhaven, WI 37194",Y,miles
306,Dustin Johnson,740-33-2856,"094 Jill Ports
New Davidhaven, LA 01688",Y,hours
307,Jamie Wilson,700-61-0943,"146 Todd Mission
West Richardfort, SD 06863",N,miles
308,Timothy Davis,219-69-5114,"865 Natasha Skyway Apt. 138
Wallerfurt, NJ 13163",N,hours
309,Denise Jones,337-76-9465,"96034 Jared Oval
South Chloe, TN 72550",N,miles
310,Matthew Chandler,708-32-6999,"USNS Gonzalez
FPO AP 64207",Y,hours
311,Thomas Rosario,733-50-7985,"806 Lynch Dam
Davisview, NM 35757",Y,miles
312,Felicia Alvarez,298-96-3103,"98401 Hayes Alley
Melaniefort, AL 70293",N,miles
313,William Estrada,173-17-9298,"Unit 8232 Box 6062
DPO AE 06298",N,hours
314,Tracy Taylor,454-51-9489,"7324 Jessica Parks Suite 723
West Natalieburgh, AR 12810",Y,miles
315,Elizabeth Ramirez,588-77-6036,"087 Brandon Circles
North Christopher, LA 61215",Y,hours
316,Patricia Burke,412-10-0581,"63536 Dorothy Stream Suite 555
Port Courtneychester, WA 01674",N,hours
317,Amanda Holden,460-40-0259,"16379 Henderson Curve Apt. 077
New Donstad, ID 97671",Y,hours
318,Scott Cunningham,258-33-3856,"57016 Shaffer Station Apt. 423
Newmanbury, DE 50148",N,miles
319,Daniel Fischer,605-87-4985,"08307 Robert Lane Suite 261
Williamton, AK 03644",N,hours
320,Ms. Jessica Dunn,473-17-6798,"75037 Clark Drives
Robbinstown, GU 35673",Y,hours
321,Rick Baker,742-13-7522,"57811 Sutton Square Apt. 362
New Jamesstad, HI 39280",N,miles
322,Trevor Alvarez,217-10-2265,"0769 Cynthia Views Apt. 020
East Mark, OH 92792",N,hours
323,Douglas Thompson,819-37-3465,"958 Arellano Lakes Apt. 387
Lake Evan, AR 15922",Y,miles
324,Jerry Porter,590-90-5420,"722 Harris Pine
Lake Roger, LA 01792",N,hours
325,Dillon Cox,108-09-7255,"76410 Arroyo Plains
South Monique, MT 22050",Y,miles
326,Phillip Miller,883-38-3802,"PSC 9231, Box 1655
APO AA 44311",Y,hours
327,Jennifer Burton,662-44-5280,"Unit 4086 Box 6410
DPO AE 24944",N,miles
328,Robert Holmes,322-91-4784,"7285 Conner Orchard Apt. 968
New Bradview, GA 96460",N,hours
329,Harry Burton,295-10-0645,"1249 Corey Spring Suite 832
Robertfurt, PA 60031",N,hours
330,Ashley Hogan,194-43-1327,"47388 Katelyn Mews
East Rachel, NV 80670",Y,hours
331,Gregory Robertson,656-42-1399,"82044 Mark Run
Carolynton, VT 88110",Y,miles
332,Bradley Murphy,897-12-4407,"PSC 9632, Box 7040
APO AP 95501",Y,miles
333,Stephanie Hughes,541-70-0302,"36719 Kathleen Port
Scottbury, MI 44854",N,miles
334,Cory Rodriguez,475-92-4971,"74525 Billy Underpass
Lake Shawn, AK 93304",N,miles
335,Michael Meyer,190-85-7831,"020 Matthew Ridge
North Helenfort, WA 85059",N,miles
336,Edward Stewart,565-06-5987,"580 Baker Land Apt. 235
East Johnview, SC 34959",Y,miles
337,Linda Parker,740-09-0266,"6183 Patricia Dam
New Jason, SD 32448",Y,hours
338,Julian Cobb,615-52-5295,"4393 Bryan Mills
South Kellymouth, DC 80718",Y,hours
339,Tim Bryant,142-06-9139,"33308 Hawkins Harbor
Heatherfurt, RI 21935",Y,miles
340,Susan Lutz,222-37-8777,"USNS Silva
FPO AE 97218",N,miles
341,Cathy Lee,722-83-5277,"7188 Aaron Glen Suite 543
East Robertmouth, DE 91746",Y,miles
342,Stephanie Pollard,645-48-2393,"USNV Moran
FPO AE 06189",N,hours
343,Franklin Jones,873-68-5934,"44189 Mendoza Spur Suite 945
Rachelmouth, WV 35882",N,hours
344,Antonio Bryant,070-65-4893,"41200 Ian Stravenue
South Justinland, MT 39259",Y,hours
345,Jennifer Freeman,733-67-0477,"Unit 9895 Box 0555
DPO AA 55396",Y,hours
346,Jackson Daniels,437-94-2376,"885 Joann Stravenue
East Krista, RI 21700",N,miles
347,Dawn Garcia,593-68-1644,"7776 Curtis Forest
Hamiltonmouth, GA 55111",Y,miles
348,Johnathan Rogers,105-61-9907,"04714 Hill Lodge
Lake Donnafort, NH 68851",Y,hours
349,Frank Orr,617-94-6246,"75880 Patricia Ferry Apt. 122
Lake Ronald, ME 70483",Y,hours
350,Gregory Price,046-68-2068,"98184 Amber Square Apt. 721
Jodiport, MO 78211",N,miles
351,Alison Lopez,300-15-5782,"4541 Norman Station Apt. 976
Paulbury, WY 66768",Y,miles
352,Jennifer Lawrence,183-63-0264,"661 Owens Pass
North Michael, MH 72380",Y,hours
353,Michael Wright,223-49-6907,"USCGC Erickson
FPO AE 45693",N,miles
354,Paul Morales,347-91-8593,"2280 Kimberly Street Apt. 510
Maryborough, FL 32667",N,hours
355,Sheila Johnson,551-21-1765,"549 Joe Land Apt. 850
North Victoria, IN 15903",N,miles
356,Angela Smith,391-81-6175,"673 Samantha Brook Apt. 741
Lake Lisa, WI 60411",Y,miles
357,James Mccormick,475-29-6570,"0099 Tran Trail
Harrisberg, CO 44747",Y,hours
358,Victor Sims Jr.,815-98-6302,"047 Angela Track
East Laurenstad, MN 31094",N,hours
359,Jonathan Dalton,105-15-6247,"0862 Richardson Lake
Gardnershire, AL 09481",Y,miles
360,Connor Yates,303-85-3433,"17718 Howe Road
Nathantown, GU 26726",N,miles
361,Sylvia Patel,155-70-4890,"58062 Kelsey View Suite 918
South Edward, SD 95317",Y,hours
362,Katelyn Williams,620-51-1816,"93577 Antonio Gardens
Lake Ryan, PA 27425",N,hours
363,Katherine Collins,515-80-4474,"7199 Thomas Corner Suite 586
Port Josephberg, WI 95861",N,miles
364,Nicole Clark,295-95-4486,"09134 Jon Square Apt. 651
Jamesfort, GA 43133",Y,hours
365,Raven Perry,015-42-1587,"15292 Williams Place
Mackton, UT 50518",N,miles
366,Allen Olsen,467-24-1235,"USNV Norris
FPO AE 78589",N,hours
367,John Pope,600-96-9203,"2202 Jones Rue
Port Cynthiastad, DC 42621",Y,miles
368,Timothy Griffin,082-17-1403,"027 Simmons Street
East Tristantown, MI 25466",Y,hours
369,Angel Hunt,352-16-9546,"2376 Murphy Road
Garyport, TX 94828",N,hours
370,Nancy Thomas,523-87-8930,"900 Craig Pine
Hodgeview, NE 43703",N,hours
371,April Brown,383-13-5266,"PSC 2027, Box 3060
APO AP 89893",Y,hours
372,Brittany Barnett,209-74-4880,"824 Alvarez Forest
West Amber, PW 26017",N,miles
373,Anthony Yoder,611-97-1421,"2994 Marquez Summit Apt. 736
Moralesmouth, NE 46002",Y,miles
374,Justin Gonzalez,849-62-7440,"20882 Deborah Manors
Lesterport, FM 28626",N,hours
375,Melinda Ballard,458-39-9517,"USNV Foster
FPO AE 41458",Y,miles
376,Amanda Webb,752-71-7923,"734 Hill Fords
New Courtney, MS 08915",Y,hours
377,Jade Wang,755-23-4270,"979 Christopher Street
South Lisa, FM 71005",Y,hours
378,Catherine Dennis,859-82-8423,"24374 Smith Brook
Jamesfort, CO 19782",N,miles
379,Mrs. Karen Andrews,834-31-4910,"USS Collins
FPO AA 55203",N,miles
380,Mr. Jared Miller,581-81-8875,"581 Darrell Trail Suite 053
North Pamelastad, WY 58699",Y,miles
381,Jessica Jones,435-85-1143,"267 Cynthia Wells
Bradleyshire, ND 44159",Y,hours
382,Tammy Lucero,544-84-7364,"331 Edwards Unions
Lake Mariaberg, NM 74438",Y,hours
383,Dana Fields,461-23-1938,"2582 Bruce Terrace Suite 208
Pamelatown, WV 40128",N,miles
384,Melanie Floyd,659-48-0279,"000 Caldwell Ranch
West Carlview, IA 79542",N,hours
385,Mrs. Melissa Waters,565-19-1850,"619 Burns Motorway
Port Anthony, MI 38299",N,hours
386,Melissa Coffey,448-53-2765,"94015 Michele Lodge
Duncanmouth, SC 69838",N,miles
387,Ms. Angela Randall,519-94-4607,"75015 Zamora Path Apt. 284
Johnsonshire, FL 01472",Y,miles
388,Susan Knight,442-01-7340,"PSC 4136, Box 4882
APO AP 45043",Y,hours
389,Paul Scott,872-48-9967,"8344 Gay Flats Suite 423
Port Robertoborough, GU 32073",Y,hours
390,Michelle Henderson,841-21-4029,"9234 Chase Valley Apt. 850
South Dawnbury, FM 90257",N,hours
391,Danny Hill,532-63-3112,"512 Preston Stream Suite 850
Lake Codyside, TN 95338",N,hours
392,Laura Powell,581-12-1807,"Unit 6212 Box 1442
DPO AE 73593",Y,hours
393,Cynthia Rhodes,197-79-1363,"165 James Hill Apt. 463
South Michelle, MD 41844",Y,miles
394,Jaime Cantrell,621-53-2030,"24120 Davis Cape Suite 384
Lake Justin, MA 00842",N,miles
395,Richard Mason,442-40-5225,"457 Kimberly Highway
West Mariastad, ID 93158",N,hours
396,Julia Ramos,870-70-6598,"502 Matthew Crescent
Cathyhaven, IA 17049",N,hours
397,Alexander Floyd,711-55-8396,"0095 Vicki Lake Apt. 663
Floresmouth, IA 16702",Y,hours
398,Jose Bowen,883-26-4276,"232 Lee Port Apt. 987
Troystad, KS 76256",N,hours
399,Amber Young,192-33-9196,"45777 Little Plains
West Olivia, MA 05436",N,hours
400,Eric Gates,146-85-6909,"84698 Martinez Pass
Jeremiahberg, OK 53053",N,hours
401,Jonathon Mccoy,804-43-2229,"182 Bruce Drives Apt. 314
South Nicole, VI 95131",Y,miles
402,Brent Brown,783-49-7487,"145 Brown Gardens Apt. 680
Saundersland, NE 18093",N,hours
403,Sharon Bowman,425-32-3381,"27614 Baird Knolls
Lake Michellemouth, PW 84598",N,hours
404,William Walker,803-62-6181,"93983 Jodi Lock
West Robert, AZ 30511",Y,hours
405,Brittany Spencer,343-80-1403,"1293 Allen Burgs
Lake Sharonfort, NE 54157",Y,hours
406,David Edwards,641-06-0290,"8771 Timothy Vista
Scottville, WV 54498",N,hours
407,Jessica Ross,066-88-2810,"757 Randall Island
Barnestown, MO 86452",N,hours
408,Andrea Bradshaw,639-74-5910,"4939 Devon Plaza
Port Kevin, NC 28923",N,miles
409,Tyler Moss,133-25-1008,"38478 Scott Greens
New Jeffrey, WY 16016",N,miles
410,Joshua Chambers,767-11-9519,"7565 Bell Via
New Josephshire, NM 29836",Y,hours
411,Dana Stout,555-46-6058,"118 Bennett Motorway
Thomasborough, MO 82841",Y,hours
412,Michelle Roy,266-35-7358,"629 Bryce Heights Suite 680
West Andrew, ME 92558",N,hours
413,Kathleen Torres,299-01-3902,"0971 Rebecca Mountains
East Haleybury, VA 82077",N,hours
414,Dr. John Perkins,493-53-6001,"86517 Baker Freeway Apt. 221
New Jessica, NM 37786",Y,hours
415,Anthony Ford,762-26-1915,"USS Young
FPO AA 54065",Y,hours
416,Alan Coleman,238-78-7186,"3554 Michael Valleys
Port Daniel, MD 17875",N,hours
417,Marie Finley,217-50-2596,"550 Brooks Brook
Lake Caroline, NY 74190",N,miles
418,Daniel Mason,846-98-4013,"342 Scott Ports
Port Cynthiafort, CT 61351",N,miles
419,Amy Warren,145-19-2434,"571 Smith Fork
West Lori, OR 04609",N,miles
420,Amanda Thompson,341-33-6610,"449 Jacob Cape Suite 415
North Nicholashaven, MO 18720",Y,hours
421,Debra Baker,729-79-4300,"174 Brittany Center Suite 260
South Kelseybury, TN 04031",N,hours
422,Elizabeth Malone,839-38-6818,"796 Daniel Causeway
Lake Joseph, AL 22514",Y,miles
423,Lauren Mcbride,147-71-6657,"694 Daniel Coves Apt. 104
Princeland, AS 44984",Y,miles
424,Gerald Morgan,176-17-9947,"38813 Smith Mall Apt. 045
Port Jesus, NC 11681",N,miles
425,Karen Martin,014-71-1508,"25441 Jacob Ville
Tamaraland, MS 76801",N,hours
426,Nicole Finley,751-56-4748,"6138 Collins Plains
Marvinchester, PR 82131",N,miles
427,Bobby Lopez MD,433-27-2694,"04676 Kenneth Roads Suite 222
Campbellfort, LA 59162",Y,hours
428,Jeremiah Edwards,556-77-3738,"PSC 7358, Box 8724
APO AP 82699",Y,miles
429,Daniel Harrell,823-63-9159,"729 Bruce Shores
South Rogerhaven, OR 06522",Y,hours
430,John Jackson,733-91-0847,"30163 Andrea Dale
Griffithhaven, NE 22645",N,miles
431,Shannon Smith,129-11-3072,"201 John Pass
Humphreyfurt, IA 94490",Y,hours
432,Courtney Clark,382-30-9669,"58902 Ball Valleys
Angelashire, WA 69099",N,hours
433,Tracy Reyes,061-71-5933,"301 Grant Union Apt. 074
Lake Gregory, GU 71543",N,miles
434,Shannon Ramsey,037-15-3647,"0542 Calvin Loaf Apt. 050
North Ryan, NJ 71145",N,hours
435,Kimberly Webb,109-94-8827,"400 Smith Pike
Port Patricia, SC 20098",Y,hours
436,Tara Lane,183-63-9713,"094 Boyd Highway Suite 143
Jenniferside, IN 56039",N,miles
437,Monique Davidson,506-84-2508,"7936 Christopher Springs
North Robin, CO 15646",N,hours
438,Rodney Bennett,236-82-6605,"6452 Samantha Orchard
New Patrick, NV 31979",N,miles
439,Tony Sims,390-22-3600,"2635 John Overpass Apt. 846
Christopherhaven, RI 72955",Y,hours
440,Linda Brooks,742-78-7563,"71468 Carter Knoll Apt. 718
Parkchester, IN 44175",Y,hours
441,Robert Espinoza,005-82-1253,"64002 Hamilton Lock
Parkerhaven, HI 89720",N,miles
442,Cassie Rios,683-03-9341,"841 Bernard Island
Shannonland, ND 15411",Y,hours
443,Kenneth Manning,776-23-5809,"USCGC Cook
FPO AE 64571",N,hours
444,Michael Hurley,418-36-6703,"PSC 8209, Box 8255
APO AA 32032",Y,miles
445,Matthew Roberts,544-60-7633,"932 Vargas Forest Suite 320
Stephenmouth, CA 17174",N,hours
446,Robert Lewis,585-44-0477,"616 Misty Stravenue Apt. 074
North Craig, AZ 63428",Y,miles
447,Leslie Jimenez,048-98-7184,"474 Erica Square
North Eric, VA 25379",Y,hours
448,Amanda Rodriguez,814-09-9812,"81702 Lopez Rapids
South Brianport, MD 11083",N,miles
449,Christine Stephens,249-31-0116,"3817 Sean Ridge Suite 763
Lake Jody, RI 54227",Y,miles
450,Ryan Harper,330-10-0615,"398 Aaron Island Suite 394
North Stacey, MD 36294",N,hours
451,Brenda Chen,413-29-7239,"6815 Kathryn Haven
West Karenshire, WY 24624",N,hours
452,Sean Watson,407-51-4985,"09806 Dylan Rest Suite 907
Tanyashire, GU 25824",N,hours
453,Sherri Erickson,128-13-4606,"5671 Gonzalez Manors
North Hayleyside, SD 55057",N,hours
454,Jeffrey Robinson,713-05-7081,"19780 Miranda Road Suite 352
Port Janiceburgh, IA 25744",N,hours
455,Paul White,617-28-8873,"27042 Wesley Isle
New Jessica, VT 36674",N,hours
456,Karen Mosley,085-29-5697,"32359 Stacy Mission
Pamelaview, NM 20900",N,miles
457,Steven Meyer,170-45-7561,"0601 Andrea Greens
North Kristenbury, DE 05048",N,miles
458,Timothy Woods,288-47-2548,"92627 Lisa Estate
West Bobby, SC 78905",Y,miles
459,Deborah Brown,153-10-2633,"5577 Martinez Summit Apt. 703
Jamesport, MS 34899",Y,miles
460,Steven Brandt,168-65-4662,"71995 Blake Locks
Michaelstad, NE 15365",Y,hours
461,Joseph Crane,813-95-9126,"599 Smith Walks
Lake Mistymouth, LA 98739",N,miles
462,Jamie Solis,426-91-0836,"114 Baker Burg Suite 999
Hernandezchester, AK 08272",Y,hours
463,Peggy Fisher,403-13-5949,"01051 Blair Camp Suite 286
South Marcus, KS 81326",Y,miles
464,Stephanie Williams,527-60-7719,"293 Salazar Loop Suite 809
Schmidttown, MS 57856",Y,hours
465,John Holder,252-98-9989,"583 Mitchell Divide Suite 212
Owenschester, NC 61953",Y,hours
466,Kristina Phillips,143-77-3702,"128 Henderson Squares Apt. 528
Carlsontown, VT 47578",Y,hours
467,Jessica Wise,086-11-7288,"58874 Green Villages Apt. 951
Sarahland, NH 38398",N,hours
468,James Oliver,662-82-3671,"59726 Rodriguez Village
East Joseph, NJ 87877",N,miles
469,Brandon Oconnell,410-58-5422,"08599 Tina Creek Suite 525
New Christine, NV 32454",N,miles
470,Carl Chapman,018-27-2829,"USNS Woods
FPO AE 50662",Y,miles
471,Jeff Sullivan,840-69-4942,"3950 Gill Mountain Apt. 657
Petersonville, IA 97533",N,hours
472,Dwayne Osborn,837-22-8602,"4169 Isabella Squares
Susanbury, MI 04773",Y,hours
473,Douglas Taylor,697-35-0298,"077 Parks Throughway Apt. 002
North Zachary, SC 77671",Y,miles
474,Abigail Smith,828-47-2126,"2858 Davis Inlet Apt. 176
Port Lauren, PW 58664",Y,miles
475,Amanda Mccoy,184-16-4340,"06806 Lisa Stream Apt. 693
Wendyview, OH 68805",N,hours
476,Amy Fuentes,143-69-0154,"5700 Jason Station Suite 658
North Eric, FL 44600",Y,hours
477,Jason Winters,510-36-9015,"458 Gay Dale Apt. 385
Stephenton, AZ 97854",Y,hours
478,Charles Young,058-37-4843,"9276 Kathleen Track Suite 061
Lindastad, ID 50344",Y,hours
479,Mr. Anthony Torres,266-74-2707,"9832 Williams Plaza Suite 313
East Andrew, OH 18772",Y,hours
480,Lauren Gutierrez,774-36-5227,"914 Marissa Islands
East Josephstad, GU 95802",Y,hours
481,Tammy Blair,407-30-2664,"49969 Nicole Shoal
West Davidport, UT 02986",N,miles
482,Michael Fletcher,046-75-7116,"09050 Diana Mount
East Ethan, OR 02857",Y,hours
483,Richard Mcdonald,226-27-5565,"1479 Petty Crest Suite 961
Greenstad, IA 58164",N,hours
484,Michelle Rivers,638-51-0094,"PSC 8008, Box 5747
APO AA 47729",Y,miles
485,Kelly Singleton,854-27-9624,"16159 Daniel Turnpike Apt. 178
South Jessica, TX 46723",N,miles
486,John Campbell,075-82-2609,"35783 Michael Extension
New David, VT 97087",Y,miles
487,Beth Glenn,278-70-0157,"573 Lauren Lane Apt. 568
North Joanna, MP 39154",N,hours
488,Mark Thomas,089-67-1877,"4191 Joseph Radial Suite 136
Johnland, HI 25492",Y,miles
489,Audrey Clark,895-83-5764,"Unit 6488 Box 4755
DPO AE 16271",Y,hours
490,Steven Patterson,830-76-7148,"871 Meyer Radial
Port Laurashire, CT 07160",Y,hours
491,Cheryl Smith,720-87-0864,"568 Thomas Rapid
Danielville, TN 95683",N,hours
492,Leon Mckinney,783-37-2621,"66422 Bruce Pines Apt. 939
Maddenmouth, DE 71392",Y,miles
493,Edward Allen,090-86-6564,"93488 Jones Estate Suite 481
West Danielle, MT 72779",N,miles
494,Jesse Cobb,164-44-0870,"13521 Henderson Rapid
East Marystad, SC 74976",N,hours
495,Randy Fox,148-40-3016,"837 Flores Trail Suite 382
Lake Andreatown, SD 88135",N,miles
496,Mary Day,289-66-0695,"454 Mckinney Hill Apt. 570
Lawrenceside, AL 42728",N,miles
497,Heather Brady,260-44-8596,"7826 Mindy Expressway
West Jameshaven, VT 45267",N,miles
498,Joseph Young,285-58-2185,"91041 Powers Mount
Petersonborough, GU 69427",Y,miles
499,Caleb Griffith,325-20-1044,"824 Austin Track
Butlerside, OR 39600",Y,miles
500,Valerie Mcmillan,288-58-9441,"91768 Victoria Point Suite 853
Alanborough, AZ 30324",N,hours
501,Edwin Ryan,569-80-0952,"47325 Irwin Grove
Amandahaven, MI 85348",N,hours
502,Robert Davis,722-43-6146,"99768 Cortez Isle Apt. 762
Raymondhaven, NM 67729",N,miles
503,Raymond Ramos,054-67-4139,"163 Miller Divide Apt. 561
Alexisside, VI 78316",Y,miles
504,Marcus Adams,789-39-7872,"9133 Collins Circle
Hughesmouth, AZ 02574",Y,hours
505,Louis Jimenez,516-38-8872,"126 Nancy Mills
Wilsonberg, NJ 22748",Y,hours
506,Sydney Ross,360-83-6951,"51202 Erik Park
Angelafurt, VT 57996",Y,hours
507,William Garcia,143-32-0293,"2976 Lewis Isle Suite 512
Stevenside, NY 81660",N,miles
508,Alan Lyons,751-01-1683,"618 Page Heights
Jeremyport, AS 53435",Y,hours
509,Peggy Sexton,367-25-0962,"01175 Ronald Forges
Riveratown, MO 28777",N,miles
510,Jessica Baird,636-71-2699,"5591 Clayton Throughway
Calvinfurt, MH 36620",Y,hours
511,Gregory Lang,552-81-9270,"68392 Ballard Locks Suite 371
Garrisonfurt, MO 56460",N,miles
512,Christina Pham,773-87-8771,"82260 Kari Summit Apt. 937
Ortizberg, IL 47824",Y,hours
513,Nicholas Jensen,514-88-6391,"611 Derek Avenue Suite 342
Brianbury, VA 25141",N,miles
514,Ryan Sparks,576-90-2455,"254 Bell Dale Suite 385
Garyberg, AK 82794",Y,hours
515,Taylor Mckinney,416-01-1619,"020 Vanessa Cape Apt. 573
Lake Darryl, NJ 00720",Y,hours
516,Kayla Martinez,716-42-1888,"376 Deanna Island
North Craigshire, MS 10733",N,hours
517,Cody Davis MD,448-91-9644,"320 Smith Trail
Port Nicole, HI 63427",Y,hours
518,Scott Hayes,104-65-6260,"053 Campbell Row
Caldwellmouth, MH 01270",Y,miles
519,Charles Nelson,830-36-5196,"84791 Peters Manor
West Anthonystad, FM 80011",Y,hours
520,Jerry Nicholson,638-23-2748,"83150 Mitchell Dam
New Joan, CT 50930",N,hours
521,Erica Kane,622-71-2656,"6911 Morrow Plaza
East Jonathanhaven, AZ 50564",N,miles
522,Brenda Curry,273-21-0965,"8426 Williams Lake Suite 332
Phillipsview, VI 35857",Y,hours
523,Scott Shannon,746-82-3987,"45607 Davis Islands Suite 383
West Crystal, TX 59486",N,miles
524,Aaron Floyd,147-19-6533,"2894 Gabriel Parkways Suite 452
Saraville, KY 93190",N,hours
525,Robert Nguyen,551-63-6892,"9369 Christina Shoal Suite 853
East Carolynmouth, HI 76246",N,miles
526,Robert Lee,762-48-9548,"0737 Wendy Forest
Port Triciabury, NC 93602",N,hours
527,Laura Shaw,406-18-3828,"6301 Willie Lakes Apt. 497
Rowlandmouth, MO 74236",N,miles
528,Shelby Powers,166-46-0699,"3053 Melinda Pass Suite 989
North Kimberly, CO 32926",Y,hours
529,James Santos,604-44-3193,"5771 Tran Route
Bryanshire, MA 37144",N,miles
530,Renee Vasquez,512-89-3328,"02731 Taylor Glens Suite 601
West Alexandermouth, OK 37742",N,hours
531,Troy Bartlett,140-54-0928,"525 Jorge Loop Apt. 111
South Ashleyside, NJ 60286",Y,hours
532,Gabriela Mendoza,004-72-7723,"3410 Vargas Pass Suite 162
Amandamouth, PW 20359",Y,miles
533,Anthony Mcgrath,677-39-3773,"434 Medina Crossroad Apt. 869
Herbertview, GA 30080",Y,miles
534,Victoria Rosario,468-35-5593,"PSC 8675, Box 2969
APO AA 30476",Y,miles
535,Priscilla Cervantes,141-35-9588,"86475 Wanda Forges Suite 517
Port Donald, MS 97973",N,miles
536,Ryan Duke,049-64-7539,"USNS Benton
FPO AP 20961",N,miles
537,Steven Nicholson,786-31-7290,"8983 Melanie Village
Reevesmouth, OH 30974",Y,miles
538,Jessica Smith,617-58-8705,"USNV Brooks
FPO AE 52649",N,hours
539,Annette Simmons,622-80-8358,"09312 Smith Locks
New Dominique, FL 97250",Y,miles
540,Dr. Joseph Snyder,344-85-8518,"774 Lynn Expressway Suite 468
Kleinstad, NV 97592",N,miles
541,Gary Schroeder,386-72-7449,"04009 Daniel Union Suite 695
South Kathrynberg, FL 95464",Y,miles
542,Debbie Bailey MD,279-01-9533,"21938 Jenna Spurs
Lake Steven, IA 36829",Y,miles
543,Adam Cummings,203-31-8125,"4007 Newman Dale Suite 175
New Margaret, AZ 40688",N,hours
544,Amanda Berry,030-92-5727,"350 Medina Lock
North Mary, WY 19584",N,miles
545,Sarah Curry,836-86-2014,"78283 Mendez Pine Suite 726
New Sheryl, PW 80495",Y,hours
546,Pamela Hanson,895-82-3129,"479 Kevin Light
New Debra, KS 66959",Y,hours
547,Gail Jackson,081-03-8122,"Unit 4444 Box 8899
DPO AP 54149",N,miles
548,Victor Smith,644-96-7839,"990 Green Freeway Apt. 993
East Davidton, WA 05824",N,miles
549,Lindsay Turner,479-40-0224,"6035 Kimberly Square Apt. 351
New Kathleen, KS 66770",N,miles
550,Robert Cervantes,127-62-1813,"520 Holmes Rapids Apt. 478
North Joshuaton, DC 27844",Y,miles
551,Craig Mckinney,737-84-3145,"25281 Campbell Points
Rochaside, GA 79000",Y,miles
552,Christina Rice,667-72-8962,"5947 Jennifer Road
Edwardsfurt, WY 35753",Y,miles
553,Bryan Moore,332-13-6553,"19211 David Meadows
East Teresa, MN 72889",Y,hours
554,Adrienne Merritt,688-11-7363,"PSC 1689, Box 1614
APO AA 72921",Y,hours
555,John Sullivan,321-87-3354,"879 Kevin Alley Apt. 106
Johnville, MO 16375",N,hours
556,Olivia Rodriguez,820-38-0113,"Unit 6092 Box 5438
DPO AA 79342",N,hours
557,David Mcmillan,343-25-1494,"33735 Michael Course
West Susanview, NH 67241",Y,hours
558,Ross Garcia,403-14-8511,"55988 Julie Trail
Robertbury, IN 10283",Y,miles
559,Alejandra Allen,270-74-3186,"6047 Melissa Forks
South Christopherstad, OK 21755",Y,hours
560,Shelby Phillips,489-87-0541,"Unit 9078 Box 0807
DPO AE 50519",Y,hours
561,Katie West,301-40-4482,"45529 Singh Throughway
West Elizabeth, OR 15053",Y,hours
562,Emma Williams,565-04-3715,"60403 Bowers Squares Suite 042
Matthewberg, MH 31588",N,miles
563,Charles Carter,560-80-1763,"438 Julie Causeway
South Joseph, MT 64139",N,hours
564,Chase Atkinson,292-82-0336,"0059 Paul Mountains Suite 968
South Lindamouth, MT 36694",N,miles
565,Justin Walter,791-54-2481,"USNS Mcknight
FPO AA 99667",N,miles
566,Amber Maxwell,002-62-6967,"5409 Wiggins Gateway Suite 079
Mejiamouth, LA 98906",Y,hours
567,Jordan Martin,032-12-2110,"2963 James Green
Nathanberg, KY 02363",Y,miles
568,Danielle Smith,039-56-1424,"058 Nathan Canyon
North Kevinborough, KY 94025",N,hours
569,Scott Smith,825-50-5735,"64933 Jennifer Lights
Port Emily, UT 33241",N,hours
570,Hannah Rogers,273-36-4987,"141 Vasquez Garden Apt. 382
North Lee, AR 97414",N,miles
571,Patricia Wilson,416-22-5487,"7771 Jones Ferry
Duanebury, MS 12577",N,hours
572,Elizabeth Williams,274-44-4750,"USNS Maldonado
FPO AE 18302",Y,miles
573,Rachel Cox,438-87-3154,"331 Cody Island
Townsendchester, PW 41061",N,miles
574,Keith Osborne,522-83-9931,"12312 Angela Drive
Lake Amy, OR 66114",N,miles
575,Carrie Zavala,042-20-5536,"298 Heidi Falls
East Robert, FL 54582",N,hours
576,Joel Hall,443-31-2874,"434 Juarez Lights
Myersville, MA 94204",Y,miles
577,Michael Knapp MD,719-70-6470,"6064 Meyer Manors
Allenside, NV 69690",N,hours
578,Cynthia Hopkins,205-32-6686,"0081 Barr Orchard
South Francis, OH 72088",Y,hours
579,Jennifer Torres,212-61-3641,"960 Andrew Mills Apt. 300
New John, DC 25374",N,hours
580,Thomas Brown,305-17-8403,"6356 Camacho Well
Port Tim, ID 48661",Y,miles
581,Nicholas Hicks,746-63-9472,"635 Nguyen Rest
Austinburgh, NY 78344",Y,hours
582,Rebekah Newman,525-90-4684,"6183 Shawn Prairie Suite 519
Adamsberg, DC 37520",Y,hours
583,Nicole Nguyen,052-62-0062,"5953 Mccoy Crossroad
New Paulaview, SC 49712",N,miles
584,Billy Melton,513-04-4355,"140 Stephanie Flats Apt. 853
Hicksview, OH 81827",N,miles
585,Mary Smith,199-64-0998,"1049 Mark Mill
Garciaview, DE 19105",N,miles
586,Lynn Roach,267-58-2385,"Unit 3646 Box 3062
DPO AP 20324",Y,hours
587,Kathryn Campbell,892-88-9023,"73850 Wilson Courts Apt. 582
South Bryce, GA 38684",N,miles
588,Jonathan Cummings,676-50-4220,"02286 Wiley Flats Apt. 961
South Jeremy, NH 20880",N,hours
589,John Alexander DDS,258-28-0884,"0150 Thompson Port Suite 704
New Jonathanport, PW 75425",N,hours
590,Linda Brown,040-03-4043,"582 Linda Mills Apt. 842
Vanessaview, MN 26010",Y,miles
591,Sarah Hughes,693-40-9295,"7654 Michael Shore
Theresastad, KY 58908",Y,miles
592,Guy Fitzgerald,779-07-3836,"51012 Munoz Loop Suite 999
Bonniebury, MT 52135",Y,miles
593,Sara Mitchell,265-90-2628,"03397 Taylor Shore Apt. 565
Port Ronnie, TN 69925",N,hours
594,Kyle Shields,036-20-4436,"2050 Michael Lodge
Vickiberg, AS 49866",Y,hours
595,Allison Smith,882-88-2149,"448 Jonathan Port Suite 028
North Thomasside, AS 01163",N,miles
596,Julie Dougherty,850-88-0955,"Unit 1401 Box 7790
DPO AE 90595",N,hours
597,Stacy Cohen,522-13-8109,"45416 Russell Plaza
New Reginabury, OH 59955",Y,miles
598,Nancy Hicks,022-55-0113,"703 Molly Divide
Lake Robertborough, MO 97955",Y,miles
599,Deborah Potts,853-02-7459,"84306 Mays Shore
Allenshire, IA 92601",N,miles
600,Marc Sullivan,861-15-0921,"575 Cindy Underpass Suite 769
North David, VI 96328",N,hours
601,James Greene,099-06-9926,"929 Walker Curve
Lake Debbiehaven, TX 34090",Y,miles
602,Alicia Nelson,206-77-9527,"16571 Smith Drive
West Bruce, MO 84793",N,hours
603,Kristen Knapp,089-63-0648,"USS Wilson
FPO AA 45167",Y,hours
604,Donald Mathews,265-22-9259,"8248 Wolf Cove
New Michaelport, PA 36785",Y,miles
605,Rodney Richardson,785-68-2480,"6117 Douglas Court Suite 513
Robertport, MS 88515",N,hours
606,Christopher Walker,718-18-8469,"59287 Henson Passage Suite 508
Tamaraton, DE 11979",N,miles
607,Roberto Smith,009-38-7622,"6248 Day Skyway
Christopherburgh, AL 96070",Y,miles
608,Nicholas Anderson,097-97-0395,"99649 Cline Rapid
Jonesfurt, ID 67973",N,hours
609,Keith Wright,716-96-1429,"397 Nicole Fields
East Jaclyn, AR 99323",N,miles
610,David Cain,188-24-4268,"20037 Quinn Points Apt. 335
Kellyview, CO 45596",Y,miles
611,Mackenzie Duncan,024-31-9948,"401 Cassandra Valley
Port Valeriemouth, MO 57639",N,miles
612,Maria Lara,415-85-9564,"Unit 2752 Box 0454
DPO AA 18618",N,miles
613,Lisa Cooper,118-78-8943,"1803 Christopher Knolls Apt. 595
Josephburgh, NV 14475",Y,miles
614,Janice Gaines,402-86-6414,"USCGC Weiss
FPO AP 97726",Y,hours
615,Tina Rodriguez,774-75-4889,"0525 Carter Springs
West Paulhaven, NJ 60642",Y,hours
616,Jamie Lewis,774-06-7180,"USNS Green
FPO AE 54713",N,miles
617,Felicia Terry,763-81-9850,"90139 Walters Park Apt. 687
Pamelaburgh, MS 08010",Y,miles
618,Deanna Vargas,899-11-1777,"5541 Gordon River
North Heather, AZ 17896",N,miles
619,Erika Jones,003-94-6659,"6329 Knight Plaza Apt. 520
West Jerometon, MT 89684",Y,miles
620,Keith Thompson,713-38-7997,"Unit 8235 Box 0265
DPO AP 21837",Y,miles
621,Sandra Anderson,388-11-6581,"23043 Smith Estates Suite 779
East Darleneland, NJ 87844",Y,miles
622,Mr. Scott Kim,490-53-8466,"167 Davis Landing Suite 097
East Marthatown, GA 99784",N,miles
623,Brenda Mcclain,854-03-1952,"63395 Kline Lock Apt. 378
South Donald, TN 63187",N,hours
624,Jason Powell,314-69-0400,"802 Bates Rapids
South Calebburgh, NC 28363",Y,miles
625,Jody Hernandez,145-46-2964,"3942 Kennedy Plains Apt. 413
Port Keithfort, WA 96395",Y,miles
626,Lauren Rogers,826-22-6142,"USNV Montgomery
FPO AA 19718",Y,miles
627,Timothy Martinez,071-22-0729,"586 Mathews Trace Apt. 416
Port Jillianmouth, MD 74437",N,miles
628,Johnny Hawkins,640-53-2329,"27321 Hicks Via
Villegasland, DE 27431",N,miles
629,Manuel Hall,725-78-4143,"093 Tara Isle Apt. 935
Lake Victoria, VT 78799",N,miles
630,Lucas Rodriguez,245-43-8747,"6849 John Burg Suite 430
New Brianburgh, OR 81569",N,hours
631,Benjamin Pham,848-69-5699,"1739 Tyler Branch
Mccarthystad, DC 13872",N,miles
632,Allison Garcia,145-70-8683,"04750 Rachel Orchard Suite 581
Campbellmouth, MP 31593",N,hours
633,Amanda Long,521-54-1271,"7333 David Road
Michaelbury, NM 43836",N,miles
634,Eric Ramsey,153-76-3682,"856 Beck Freeway Apt. 722
Port Anthony, IL 92817",Y,hours
635,John Campbell,466-75-5437,"PSC 9367, Box 2241
APO AP 92820",N,miles
636,John Hamilton,111-74-1938,"854 Vincent Overpass Apt. 372
Wendyville, ME 05655",N,miles
637,Keith Beltran,291-91-1550,"052 Davis Mills Apt. 944
South Dawn, TN 25904",N,hours
638,Michael Gibson,177-48-1071,"451 Scott Club
Kimberlyberg, PW 73001",Y,miles
639,Jason Davenport,798-58-8846,"PSC 5633, Box 5615
APO AP 52118",Y,miles
640,James Brewer,732-35-9418,"86686 Lopez Flats Apt. 009
North Tyler, NJ 24942",N,miles
641,Monica Smith,315-72-7564,"45895 Ashley Mountain
Taylorview, GU 32415",Y,miles
642,Matthew Johnson,060-37-2421,"59630 Arellano Fords
South Michael, MS 80676",Y,miles
643,Emily Nelson,265-79-1935,"7350 Floyd Isle Apt. 664
Thompsonbury, GU 12365",N,miles
644,Patricia Anderson,213-63-6488,"276 Anthony Rue Apt. 139
Maryfurt, UT 71380",Y,hours
645,Tina Hamilton,579-11-1567,"685 Donna Lake Apt. 748
Youngburgh, AR 59369",N,miles
646,Craig Mitchell,727-69-7543,"338 Jennifer Corners
South Deborah, KS 01002",Y,miles
647,Crystal Campbell,778-34-1746,"82373 Bell Overpass Suite 543
Johnsonfort, VT 15090",Y,miles
648,Colton Calderon,748-73-6940,"18462 Kimberly Inlet Apt. 693
West Monica, KS 43559",N,miles
649,Beth Bond,153-46-9631,"59936 Timothy Points Apt. 466
Butlerside, OH 85072",Y,miles
650,Katherine Fowler,373-23-8768,"22393 Chung Mount Apt. 944
West Dianashire, CA 06656",Y,hours
651,Stacey Cooper,081-77-3779,"4765 Hatfield Via Apt. 743
New Nathan, GA 12235",Y,hours
652,Vernon Berg,588-82-2600,"51623 Alexis Plaza
Gabrielleburgh, NV 91928",N,hours
653,Jerry Owens,218-35-1939,"43579 Emily Square
East Manueltown, PA 97738",N,miles
654,Joseph Barr,710-53-1178,"61679 Howard Crest
Nathanmouth, IL 46653",Y,miles
655,Alvin Moran,321-81-8592,"5518 Kaitlyn Overpass
Thomashaven, TX 62033",N,hours
656,Kimberly Patterson,222-30-8390,"1183 Jo Glen Suite 110
New Robert, OK 25575",Y,hours
657,Nicole Payne,474-49-5328,"02152 James Row
Barberland, HI 49270",N,miles
658,Stacey Golden,671-14-8624,"75358 Morse Plaza Suite 828
New Sarahville, CT 82276",Y,hours
659,Aaron Werner,869-88-7942,"59053 Rose Springs Suite 714
West Nancy, DC 77083",Y,miles
660,Jessica Williams,691-78-6458,"02575 Eric Estate Apt. 423
Martinfort, ND 18237",N,hours
661,Brian Beard,042-43-1701,"3740 Robbins Mount
South Chelseafurt, PW 65894",Y,hours
662,Jeffrey Santiago,571-02-7193,"81586 Edwards Plains Apt. 867
North Cindy, KY 76663",N,miles
663,Samuel Nguyen,319-66-1129,"4373 Webb Prairie
Christianshire, WI 07893",N,hours
664,Rebecca Taylor,403-10-0349,"212 Megan Estate Suite 074
Port Kimberlyside, PA 31803",Y,miles
665,William Hopkins,030-60-5991,"9110 Dennis Drives
Angelaport, WV 26768",N,hours
666,Patricia Carpenter,238-65-1984,"09648 Krista Dam Suite 437
Charlesburgh, LA 98629",N,hours
667,Tina Hopkins,731-93-6098,"51243 Wilkinson Meadow Apt. 085
North Diana, IL 02653",Y,miles
668,Mr. Brian Reynolds,611-30-2470,"2316 Hughes Wall
New David, KS 92176",Y,hours
669,Hayden Ray,404-71-4660,"103 Ashley Unions
North Patriciamouth, AL 12916",N,miles
670,John Perry,102-29-0907,"532 Potts Shoal
South Andrewmouth, MO 88635",Y,hours
671,Reginald Hernandez,372-87-9958,"PSC 0177, Box 7159
APO AP 60986",N,hours
672,Ronald Watts,389-83-2616,"888 Jessica Valleys Suite 900
Greenmouth, MP 54615",Y,miles
673,Amber Moses,564-02-4831,"1396 Smith Alley Suite 083
Montgomeryshire, PA 31672",Y,miles
674,Tanner Gutierrez,362-47-4002,"0035 Kenneth Mall Suite 779
Youngview, IN 06550",Y,hours
675,Brittney Hancock,873-17-9028,"877 Emma Shoal
Lake Andre, DC 93419",N,hours
676,Anne Weber,684-96-5653,"83040 Wesley Mountain
Port Luis, TX 87170",N,hours
677,Amanda West,131-08-9833,"79952 Scott Hollow Suite 226
Richardsontown, FL 86248",N,miles
678,Angela Reed,521-31-1292,"29357 Daniel Forges
Alexandrafort, LA 34828",Y,miles
679,Kenneth Sanders,580-62-6636,"1811 Whitney Plains Suite 516
South Jessica, GA 51997",N,miles
680,Jennifer Pruitt,866-61-8461,"504 Wheeler Shoal Suite 136
Vincentfort, MT 59865",Y,miles
681,Joseph Weaver MD,527-55-8980,"0162 Nina Stravenue Suite 127
Austinmouth, CT 16848",Y,miles
682,Kelsey Cuevas,529-72-9285,"985 Hernandez Dam
Port Allen, NC 23725",N,hours
683,Mark Thomas,223-37-4328,"50526 Booker Plain Suite 898
Lake Ashley, UT 07809",Y,hours
684,Maria Gonzalez,613-83-0247,"2534 Wong Vista Suite 191
Brooksstad, NM 01599",N,miles
685,Joshua Ruiz,560-14-4274,"69145 Brown Loop
East Monica, MH 98071",Y,miles
686,Lisa Moore,649-43-0038,"321 Jacob Union Apt. 275
East Raven, VI 18150",Y,miles
687,Melissa Pruitt,622-15-3391,"47007 Hicks Centers Suite 934
East Jason, MN 79178",Y,miles
688,Cassandra Serrano,790-30-7419,"USS Vance
FPO AE 82736",Y,miles
689,James Wells,367-11-0218,"1568 Cook Glen
North Matthew, NV 06670",N,hours
690,Brandon Mccormick,111-35-2460,"95884 Ellis Center
New Krista, CT 04803",Y,miles
691,Jesse Salinas,307-34-6115,"USNS Anderson
FPO AA 70309",N,miles
692,Justin Powell,213-09-2560,"664 Gina Vista Suite 249
Paulchester, PW 19647",Y,hours
693,Shelly Williams,668-06-6149,"2221 Price Estates
Jamesshire, AZ 85098",Y,hours
694,Reginald Jones,646-57-1067,"3043 Marcus Alley Suite 665
Jimenezfurt, MA 07170",N,hours
695,David Zavala,005-28-8075,"631 Krause Avenue
South Matthewhaven, CT 99517",N,miles
696,Monica Guerra,487-22-5889,"4941 Weaver Turnpike Suite 947
Hannahfurt, KY 54919",N,miles
697,Scott Todd,845-84-1682,"057 Mary Haven
North Craig, ME 38824",Y,hours
698,Erica Turner,081-35-7677,"015 Bartlett Drives Apt. 394
Patrickburgh, AR 01731",Y,hours
699,Jillian Carr,894-73-9570,"748 Mcmillan Circle Apt. 315
New Wayne, PA 14511",N,miles
700,Christine Vaughn,039-96-1979,"4658 Pitts Prairie Suite 316
Ritaburgh, FM 22689",N,hours
701,Jeremy Pugh,758-91-7000,"171 Alexander Knolls
Georgeton, KS 16571",N,miles
702,Colton Rivers,296-12-2794,"2384 Levine Ridge
New Mollytown, LA 14599",Y,hours
703,Lisa Diaz,287-64-3385,"74014 Thompson Route Apt. 911
New Jackbury, IA 34010",Y,miles
704,Lee Chapman,404-12-2453,"6314 Castro Point
South Danielville, FM 77293",N,hours
705,James Hernandez,292-58-9322,"263 Nicole Keys
Steinstad, CA 75464",Y,miles
706,Kathryn Miles,567-90-6388,"7988 Anthony Vista Apt. 898
Flynntown, TX 33239",Y,miles
707,Todd Soto,567-28-4125,"86367 Shane Estates
Kimberlyfort, NY 96913",N,miles
708,Steven Campbell,217-92-5993,"33093 Casey Passage Apt. 118
Leonview, ID 22347",N,hours
709,Karen Deleon,801-17-1717,"42563 Torres Haven Suite 110
New Destiny, FL 99087",N,hours
710,Michael Chavez,861-81-5216,"82235 Wood Streets
Savannahshire, RI 80401",N,miles
711,Allison Carlson,584-49-1712,"618 Smith Street
Christopherhaven, NE 43022",Y,hours
712,Michael Mathews,093-65-3211,"50848 Curtis Wells
Robbinsport, DC 08348",N,miles
713,Carla Schmitt,482-09-7229,"USCGC Castro
FPO AE 63564",N,miles
714,Calvin Rodriguez,483-15-3215,"9233 Lindsay Island Suite 397
Robertview, MP 53745",N,miles
715,Lisa Young,791-95-7335,"794 Christine Field
East Heather, PR 54979",Y,hours
716,Donald Acosta,869-44-0743,"03160 Mclean Rapids Apt. 671
East Ashley, NM 22483",Y,miles
717,Elizabeth Jones,127-87-5812,"Unit 6611 Box 8943
DPO AP 21918",N,hours
718,Sonya Carter,365-91-9752,"76565 Garcia Course
Michelleville, AK 97202",N,hours
719,Jason Davis,877-32-5271,"87564 Stephanie Dam
South Michael, NJ 75941",Y,hours
720,Brandon Hampton,732-12-3715,"777 Thomas Stream Suite 749
West Amanda, IL 45125",N,miles
721,Cole Barnett,529-66-0567,"86993 Allen View Apt. 299
Clarkhaven, VA 55380",Y,miles
722,Jessica Bauer,740-54-5674,"14051 Martinez Viaduct
Christychester, DC 56471",N,hours
723,Victor Barnes,639-79-5863,"23671 Brandon Coves Suite 211
Shirleyburgh, VT 37621",Y,miles
724,Amy Walker,746-79-6913,"7839 Stark Meadows
Cassandrachester, AS 22134",Y,hours
725,April Arnold,636-77-0460,"69920 Courtney Mission
Alisonburgh, IA 78428",N,hours
726,Jane Sanchez,500-04-1642,"1533 Key Mills
Fergusonshire, SC 21499",N,miles
727,Joseph Friedman,355-77-7446,"6361 Crystal Falls Apt. 754
Fletcherborough, IA 89852",N,miles
728,Laura Gordon,080-10-6559,"82527 John Mount
North Kevinchester, ME 72783",Y,hours
729,Eric Jones,499-22-6419,"30209 Hooper Radial
Johntown, NM 96136",Y,miles
730,Edwin Henry,361-10-0976,"495 Harvey Land
North Joanna, ID 33352",Y,hours
731,Lauren Walker,171-26-1877,"853 Mcclain Alley Suite 482
Woodschester, MA 84343",Y,hours
732,Hannah Ruiz,831-61-9428,"Unit 5397 Box 5881
DPO AP 78847",Y,miles
733,Sabrina Taylor,461-58-0159,"83732 Young Springs Suite 552
Port Arthur, NV 02560",N,miles
734,Jessica Aguirre,315-24-5285,"692 Stone Fields
Millermouth, IA 08345",Y,hours
735,Debra Lewis,178-44-5329,"4869 Sullivan Road Suite 450
South Stephaniestad, GU 71268",N,miles
736,Robert Martin,391-77-6886,"4199 Stewart Lakes
New Shirley, AZ 21440",Y,hours
737,Ryan Potts,278-29-9095,"101 Jessica Bypass
Chrishaven, ID 60491",N,miles
738,Alexander Nash,143-82-0638,"1202 Owens Heights Suite 737
Amyport, ND 34212",N,miles
739,Jeffrey Stewart,220-58-4532,"630 Hardy Via
New Robinmouth, LA 73529",Y,hours
740,Mrs. Shannon Cox,170-38-6239,"3702 Sara Mission Apt. 320
Lake Julie, MH 52767",N,hours
741,Brandon Mack,149-91-8220,"USNV Patterson
FPO AA 82287",N,hours
742,Ronald Pugh,811-67-4355,"351 Dixon Mall Suite 736
Millerhaven, MH 90590",N,hours
743,Robin Harris,891-06-6935,"540 Natalie Grove Apt. 639
Stanleyland, GA 52418",Y,hours
744,Mrs. Lauren Robinson,258-22-0920,"646 Wade Street
Sarahmouth, WA 92697",N,hours
745,Jonathan Mckinney,165-44-6840,"541 Matthew Estate
Roseburgh, OR 20553",N,hours
746,Thomas Newton MD,395-79-1831,"656 Donovan Camp
East Ericafort, UT 91184",Y,miles
747,Janet Copeland,135-20-1718,"138 Davila Cove
Willisbury, WV 24611",N,hours
748,Charles Manning,820-59-0789,"877 Avila Ville Suite 127
Laurieview, CO 20498",N,miles
749,Michael Perry,864-19-5269,"7557 Greene Club Suite 791
Port Davidport, HI 75222",N,hours
750,Angela Sherman,080-83-8790,"Unit 9591 Box 4315
DPO AP 90203",Y,miles
751,Renee Davis,581-82-5499,"649 Sherry Spring
Danielleview, IA 81573",Y,hours
752,Annette Patton,498-27-7155,"12492 Lozano Lights Apt. 165
Garciahaven, LA 91582",Y,miles
753,Brian Ewing,671-42-8362,"2589 Cox Throughway
North Michelle, ID 61139",Y,hours
754,David Bean,090-78-8366,"1491 Arthur Shores Apt. 939
Carpenterburgh, OK 90873",Y,hours
755,Tracy Smith,705-12-3567,"772 Cantrell Mount Suite 648
New Jamesberg, NV 21287",N,hours
756,Justin Cunningham,471-35-5151,"568 Miller Path Suite 123
West Danny, ND 56071",Y,hours
757,Matthew Burnett,402-96-9541,"PSC 6729, Box 1020
APO AP 00811",Y,miles
758,Raymond Finley,087-95-6386,"48297 Lopez Orchard
East Frederick, RI 62691",N,hours
759,Jessica Gonzalez,114-09-6275,"188 David Inlet
Erikshire, MI 58238",Y,miles
760,Jack Carey,804-54-3646,"3025 Nicholas Plaza
Pereztown, HI 33158",N,miles
761,Gregory Steele,523-72-8571,"305 Darren Ridges
Welchberg, ME 35069",N,miles
762,David Ewing,240-25-0604,"716 Ashley Station Suite 869
Samuelton, AS 85349",Y,hours
763,Michael White,020-02-2066,"PSC 6881, Box 0180
APO AA 22927",N,miles
764,Dennis Oliver,561-65-5140,"Unit 8871 Box 9272
DPO AP 50841",Y,miles
765,Jeffrey Johnson,282-02-4656,"7543 Daniel Road
Howellshire, WA 08816",N,hours
766,Julie Taylor,069-69-7465,"84762 Leslie Vista
Amberborough, NE 01459",N,hours
767,Kevin Gordon,350-97-8650,"51159 Emily Cape Apt. 487
Alexburgh, PR 44686",N,hours
768,Alexandria Best,698-60-3499,"PSC 8736, Box 1056
APO AA 32229",N,hours
769,Brian Rogers,148-52-4309,"186 Evans Wells Suite 391
Robbinsstad, DC 57590",N,hours
770,Gary Cook,591-82-8146,"492 Liu Turnpike
Kempport, WY 08307",Y,miles
771,Richard Stevenson,625-46-0113,"860 Alicia Islands
Lake Lauren, OH 21348",Y,miles
772,Cassandra Thornton,420-96-7543,"460 Bailey Avenue
Grantmouth, MP 09114",Y,miles
773,Sharon Sloan,140-11-6816,"3530 Kyle Loaf
North Glennmouth, NH 70120",Y,miles
774,Derrick Gibson,442-98-6418,"66980 Samantha Pine Apt. 864
Lake Ericton, PW 67231",Y,miles
775,Daniel Mitchell,460-15-7785,"56409 Chad Roads Apt. 964
Nicolestad, ID 13194",Y,hours
776,Julie Washington,726-36-1022,"85720 Anna Lane Apt. 467
West Michaelmouth, IN 44416",Y,miles
777,Elaine Cannon,844-91-5616,"Unit 2763 Box 4047
DPO AA 77300",N,miles
778,David Gardner,563-36-3130,"USNV Taylor
FPO AP 96592",Y,miles
779,Christopher Johnson,886-14-1764,"06856 Mills Inlet Suite 188
North Ricardoberg, MD 64035",Y,hours
780,Sierra Mckinney,053-63-5998,"4380 Sanchez Flat Apt. 675
North Pamelamouth, MN 90816",Y,miles
781,Mary Tanner,793-45-2705,"3218 Christopher Summit Suite 468
Edwardsville, IL 09006",Y,hours
782,Sara Stanley,215-36-6694,"7428 Debbie Course
Port Paulland, ME 50501",Y,miles
783,Molly Lester,148-23-1192,"9849 Sean Trafficway
Clarkstad, IL 57459",Y,hours
784,Jason Stone,701-45-0196,"1995 Brandon Grove Suite 295
West Crystal, VI 85010",N,miles
785,Diane Nelson,402-36-9284,"15225 Matthew Point Apt. 060
Luisshire, WA 13153",N,miles
786,Darryl Bailey,309-97-0629,"36989 Sandoval Loaf
North Amy, ME 80600",N,hours
787,Allison Bush,559-73-5876,"0426 Kelly Circle
Michelleborough, MS 70638",N,hours
788,James Hendrix,327-26-1031,"891 Mcdonald Green
Lake Troy, PA 89874",Y,hours
789,Mr. Robert Baker,771-34-1414,"Unit 5238 Box 8063
DPO AA 42494",Y,miles
790,Kyle Houston,274-78-3075,"0427 Austin Glen Apt. 744
Pamelaburgh, HI 42032",N,miles
791,Alicia Ryan,627-64-6744,"23240 Williams Garden
New Jennifermouth, OH 08744",N,hours
792,Anthony Beck,024-36-8355,"PSC 8408, Box 2428
APO AP 09334",N,miles
793,Joseph Schwartz,216-70-0849,"441 Smith Port
Danielhaven, MN 69367",Y,miles
794,Leslie Cobb,667-77-4935,"51505 Benitez Rue
East Katherine, AZ 70575",N,hours
795,Michael Thomas,548-99-7669,"490 Michael Ferry Apt. 142
Rossport, NH 36517",N,miles
796,Kayla Andrews,378-52-4306,"6508 Acosta Mews Suite 152
Jacobview, GU 82543",Y,hours
797,Michael Caldwell,477-70-8201,"897 Bernard Crossing Suite 348
Josephborough, MH 59322",Y,hours
798,Morgan Thomas,145-66-6309,"83239 Nathan Road
Clarktown, LA 01320",N,hours
799,Scott Villarreal,879-53-2806,"49925 Potter Rapids
Duranville, CA 28398",N,miles
800,Christina Vega,072-51-3518,"USS Hamilton
FPO AA 63985",Y,miles
801,Douglas Hays,465-16-4999,"USS Friedman
FPO AP 40865",Y,hours
802,Aaron Chen,408-04-9180,"5767 Hall Parkway Apt. 990
Castilloside, TX 32564",Y,miles
803,Mark Price,899-61-0243,"091 Robinson Tunnel
Lake Martinstad, IA 04254",N,miles
804,Nicholas Ellison,333-41-6825,"5859 Travis Drives
Daltontown, AS 11368",N,miles
805,Kelsey Pierce,676-18-4207,"778 Garcia Trail
Ericatown, MH 97824",Y,hours
806,Christian Manning,437-56-4861,"305 Lawrence Pass
Port Benjamin, DC 93945",N,hours
807,Jessica Young,385-74-4894,"1040 Carr Well Apt. 370
West John, PR 54445",Y,hours
808,Andrew Oliver,264-21-5831,"669 Leslie Cliffs
Changtown, DE 84643",N,miles
809,Benjamin Castillo,103-41-6097,"27869 Montgomery Tunnel Suite 535
Clarkbury, MS 37835",Y,miles
810,James Harris,604-31-9164,"74077 Weber Shoal
Davisville, VA 60705",N,hours
811,Erika Barker,884-34-3698,"30006 Mays Pike Apt. 686
Ramirezburgh, WA 58004",N,miles
812,Tara Robles,853-51-6960,"271 Andrew Hills
Anthonystad, VA 21053",Y,miles
813,Mrs. Jeanne Ramirez,454-27-0662,"Unit 0661 Box 3369
DPO AP 22534",Y,hours
814,Jamie Johnson,852-38-6345,"575 Chavez Port Apt. 769
Josestad, KS 43620",N,hours
815,Abigail Long,384-96-2394,"7176 Diana Meadow Suite 551
East Jacob, IL 70323",Y,miles
816,Steven Harrison,747-80-1433,"084 Chelsea Hill
Millschester, MD 91462",N,miles
817,William Rose,405-62-2941,"418 Kenneth Stream
Frederickside, ID 39239",Y,hours
818,Parker Keller,885-81-1737,"7007 Carter Well Apt. 095
Cabrerachester, SC 82904",Y,miles
819,Madeline Smith,846-51-6794,"03222 Jones Road Suite 746
East Carolyn, WV 05227",Y,hours
820,Kevin Morrison,072-90-5171,"9166 Richmond Island
Lake Edward, DC 43119",Y,miles
821,Jason Hobbs,836-58-4997,"57380 Rebecca Inlet Suite 971
Diazhaven, FL 44014",N,miles
822,Heather Salazar,214-58-3548,"32419 Vasquez Corners Apt. 857
East David, NV 29533",N,hours
823,Jennifer Hatfield,884-03-0084,"987 Susan Port Apt. 744
Andrewberg, ND 80833",Y,hours
824,Ryan Jenkins,163-60-8459,"8387 Oliver Trail Apt. 230
Evanberg, PA 22830",N,hours
825,Kathleen Chen,330-63-5837,"Unit 2418 Box 2235
DPO AE 05419",Y,hours
826,David Ward,732-40-0426,"4944 Moyer Wells Suite 829
Port Davidtown, WV 25004",N,miles
827,Peter Pierce,259-17-2898,"365 Joseph Viaduct
Wattsland, SD 13666",N,hours
828,Jay Jones,251-43-9972,"23132 Kaylee Squares Apt. 251
West Richardbury, OK 95470",N,hours
829,Monique Neal,820-68-8252,"7062 Hall Roads Apt. 477
Ryanberg, MT 26718",N,hours
830,Barbara Wood,056-11-9962,"6666 Matthew Coves
Alexanderville, WI 21007",N,hours
831,Olivia Kelley,455-70-0767,"119 Andrade Mission Suite 331
Aaronmouth, NM 68221",Y,hours
832,Raymond Jenkins,435-43-2696,"874 Jesse Walks
Robinsonview, UT 88636",Y,hours
833,Raymond Lewis,365-28-3765,"061 Richard Fall Apt. 386
Darrellmouth, AR 25808",N,hours
834,Daniel Conway,107-21-8413,"180 John Prairie
Aguilarview, AZ 16843",N,miles
835,Douglas Price,690-98-6001,"683 Daniel Corner
Yuville, LA 68467",N,hours
836,Thomas Turner,222-77-5561,"6701 Stephanie Point Apt. 172
Mcknightside, TX 48137",Y,miles
837,Grace Nguyen,350-10-0749,"698 Alyssa Causeway Apt. 740
Richardburgh, AL 89748",Y,hours
838,Karen Watkins,352-07-4245,"583 Donna Union Suite 128
Jasmineland, UT 69196",Y,hours
839,Maria Vasquez,391-09-1352,"5598 Kari Knolls Apt. 262
Floydborough, VA 88362",N,hours
840,Kara Holland,068-60-3475,"31969 Turner Dale Suite 303
Pattersonshire, TN 97573",Y,miles
841,Alan Mcdonald,773-23-5628,"1528 Heath Springs
East Howardton, IN 53448",Y,hours
842,Timothy Gamble,225-52-6759,"1132 Moore Village Suite 213
Gabrielafort, VA 30325",N,hours
843,Elizabeth Pearson,103-66-9368,"29082 Davis Park
West Sarah, OR 64017",Y,hours
844,Katie Love,575-15-1976,"605 Douglas Views Apt. 570
New Kenneth, MI 74541",Y,miles
845,Mark Eaton,707-10-9039,"10004 Barry Plaza
Williamsmouth, AZ 46579",N,hours
846,Carl Smith,015-15-4831,"74486 Julie Divide Suite 038
Lake Andrea, WI 93944",N,miles
847,Sara White,471-28-4945,"67777 Donna Vista
Mirandaport, SC 98687",Y,miles
848,Pamela Ewing,054-42-0921,"37128 Derek Stream Suite 387
Sullivanfurt, ID 24558",Y,hours
849,Carla Powell,871-32-8121,"737 Garcia Pine
New Judy, OR 15622",N,hours
850,Dominique Simmons,395-38-8435,"USCGC Jensen
FPO AP 35918",N,hours
851,Lindsey Daniels,462-34-8719,"3629 Lucas Mountains Apt. 901
Port Mirandamouth, MI 53598",Y,miles
852,Krista Russo,107-42-2039,"38248 Colleen Camp Apt. 745
Kimberlyton, VA 96864",N,hours
853,Sara Hill,246-66-1619,"Unit 4288 Box 7039
DPO AE 37103",N,hours
854,Andrew Cline,196-95-0598,"40864 Brock Forges Apt. 716
South Mark, CO 47647",N,hours
855,Megan Martinez,351-56-9949,"5020 Jeremy Courts
East Sarah, LA 50412",N,hours
856,Jamie Wolfe,805-47-6556,"438 Abigail Trail
North Tim, UT 36607",N,hours
857,Elizabeth Bennett,321-38-0529,"7468 Edward Street Suite 536
New Michaelchester, WA 42027",Y,miles
858,Charles Boyd,453-40-4391,"513 Palmer Forest
West Davidstad, KS 27042",Y,miles
859,Richard Thomas,696-36-3918,"2080 Duncan Ports Suite 246
East Deborah, PW 15909",N,miles
860,Joshua Allen,366-39-4121,"352 Kyle Pine
Monicafort, OH 46664",Y,miles
861,Joshua Carter,471-93-1401,"34537 Mcdonald Islands Apt. 802
Johnsonburgh, HI 77454",N,hours
862,Victoria Robbins,442-03-1661,"048 Luke Port
Daughertyborough, SD 78692",Y,miles
863,Anthony Hunt,484-35-7567,"2863 Nicholas Freeway Suite 169
Kimberlymouth, NV 83006",N,miles
864,Patricia Garrison,205-46-1944,"0970 Keith Shoal Apt. 891
Matthewchester, CO 56069",N,miles
865,Jimmy Terrell,349-63-4817,"Unit 3947 Box 9513
DPO AP 82639",N,miles
866,Jessica Chandler,392-26-8655,"596 Kevin Land
Christopherport, ID 64263",Y,hours
867,Pamela Hall,800-06-3632,"Unit 4687 Box 6211
DPO AE 30023",N,miles
868,James Tucker,287-13-3150,"066 Barnes Inlet Suite 918
Kellytown, SC 71515",N,hours
869,Amanda Pennington,225-80-6963,"94154 Velazquez Islands
Beckyshire, LA 95263",N,hours
870,Mario Hensley,126-01-3327,"9666 Ellis Junctions
Port Bobby, VA 94145",Y,hours
871,Kevin Brown,642-60-7481,"259 Bailey Station Apt. 203
North Kimberlyhaven, NV 37287",Y,miles
872,Joshua Hansen,122-06-1038,"8687 Michael Inlet Apt. 184
Brettburgh, MD 32269",N,hours
873,Shelley Warren,330-04-2781,"0608 Brown Pines
South Gregoryland, RI 04867",N,hours
874,Jason Walsh,222-75-8003,"801 Winters Gardens
North Brandyland, VI 07805",Y,hours
875,Brittany Anderson,137-16-1230,"9480 Oliver Canyon Apt. 521
Santosfurt, NM 58365",Y,miles
876,Leon Ruiz,521-74-2404,"27922 Whitney Path
Austintown, PA 07889",N,hours
877,Barbara Richards,436-17-5717,"12190 Chris Circle
Westshire, VT 28481",Y,miles
878,Jose Farmer,463-95-8759,"558 Daniel Corner
Port Bobby, LA 38193",N,miles
879,Helen Byrd,019-55-6290,"006 Tim Path
Brittanyberg, MH 39874",N,miles
880,Shelley Little,509-86-1640,"152 Lopez Run Apt. 506
Edwardsland, GA 41619",N,miles
881,Joseph Morris,349-53-8664,"66350 Sandra Garden Apt. 937
Higginsberg, AL 24454",N,hours
882,Bryan Rodriguez,845-47-3570,"131 Daniel Island Apt. 651
Zamoraberg, MA 98284",N,miles
883,Kevin Walters,691-18-0395,"3691 Robert Estates Apt. 764
Port Charles, WA 35285",Y,miles
884,Gregory Morgan,759-75-0063,"2845 Lee Manor Suite 615
Nancyfurt, SC 32870",N,miles
885,Morgan Harvey MD,558-99-6533,"651 Carpenter Spurs Suite 858
East Kennethmouth, MI 33913",N,hours
886,Pamela Robinson,801-04-0719,"6168 Pineda Loop Suite 677
East John, IA 74717",N,miles
887,Lori Sandoval,580-07-6294,"82966 Robert Dam Apt. 398
Melissaborough, NV 12914",Y,miles
888,Nicole Perez,346-91-7853,"372 Mcneil Radial
New Angela, OR 34876",N,hours
889,Melanie Dodson,245-54-2873,"Unit 0431 Box 9732
DPO AP 76579",N,hours
890,Carrie Norris,100-72-7106,"22536 Beard Oval Suite 614
North Michael, IA 70074",N,miles
891,Shannon Robertson,263-72-6873,"8417 Monique Courts
Port Theresaport, AS 83418",N,miles
892,Mark Garcia,272-40-9630,"009 Miller Junctions Apt. 151
Mcguirefurt, UT 75810",N,miles
893,Melissa Costa,448-21-3428,"070 Stacy Prairie
Cynthiachester, VA 79370",N,hours
894,Christina Miller,241-31-7911,"Unit 6210 Box 6459
DPO AA 44421",N,miles
895,Whitney Bond,091-37-8219,"234 Vaughn Expressway Suite 883
Valenciahaven, IL 06020",N,miles
896,Robert Gregory,711-76-1922,"79857 Natalie Junction Apt. 875
Lake Lauren, CO 46816",N,hours
897,Alicia Gomez,348-02-1452,"81591 Tyler Circles Suite 462
Lake Lisa, IN 58073",Y,miles
898,Angel Conley,350-30-1131,"201 Kylie Trail
East John, ME 96871",N,miles
899,Alexandra Gordon,371-76-4475,"84320 Mcclain Haven
Phamchester, DE 68083",N,hours
900,Brendan Pitts,848-41-0196,"329 Hamilton Parkway Apt. 560
Port Travisville, CO 29915",N,miles
901,Amy Duke,309-89-8321,"Unit 5381 Box 5381
DPO AE 72255",Y,miles
902,Steven Walton,155-81-7357,"5549 Reyes Route
Tuckerland, CO 33935",N,hours
903,Sandra Lynn,734-57-9459,"171 Martin Mission Suite 335
Jonesfurt, VI 33386",Y,hours
904,Gary Henderson,396-17-5910,"8600 Tracy Rapids
Lake Gregland, DC 14085",Y,hours
905,Arthur Burgess,193-86-9550,"0390 Sean Drive Suite 996
Camposview, AS 33076",Y,hours
906,Jason Perry,324-05-7036,"714 Chad Manor
New Jaime, NY 21235",N,miles
907,Morgan Wood,502-70-5066,"9431 Stephanie Glen Suite 414
Dawsonmouth, OH 73625",N,miles
908,Sandra Cooper,390-26-4202,"4112 Brendan Lane
New Williamton, AL 09771",Y,miles
909,Kayla Rivera,639-56-4425,"5686 Wilson Rapids
Port Georgeberg, KY 48222",Y,hours
910,Regina Stevens,301-66-4496,"3479 Gary Manor Suite 592
New Annstad, AK 29282",N,hours
911,Sherry Murray,683-20-6830,"7687 Zachary Pines
Lake Nathan, FL 89582",N,miles
912,Angel Snyder,883-57-6451,"9526 Kelly Hills Suite 843
South Andrea, FL 04814",Y,hours
913,Destiny Pierce,825-05-5708,"799 Kelley Branch Apt. 965
Rodriguezfurt, ID 22893",Y,hours
914,William Frazier,422-77-2995,"81819 Chase Spur
East Isaac, AR 07670",N,hours
915,Shari Elliott,571-89-2712,"58886 Silva Stream
North Cynthiaberg, VI 21865",N,miles
916,Natalie Taylor,029-97-9688,"9936 Irwin Spurs Apt. 039
Jerryton, UT 62417",N,hours
917,Cody Murphy,767-72-7808,"366 Melanie Extension Suite 138
South Joshuashire, ME 63273",Y,hours
918,Karen Owen,879-41-4347,"50887 Montgomery Valley
North Jasmine, VI 60999",N,hours
919,Priscilla Solomon,408-59-2057,"71540 Morgan Spurs Apt. 239
Lake Justin, LA 95762",Y,hours
920,Jeremy Charles MD,730-78-1851,"77083 Thomas Garden
Madisonhaven, ME 51912",N,hours
921,Antonio Duke,310-51-4726,"59870 Barbara Bypass Suite 926
Jenniferbury, LA 92121",Y,miles
922,Jonathan Smith,016-18-3146,"24712 Washington Village Apt. 836
Gillespiehaven, NV 16834",N,miles
923,Tracy Melton,137-94-6243,"38318 Candace Wells
Jessicashire, NE 94498",Y,miles
924,Robert Harris,533-72-8934,"8882 Lester Camp Suite 984
Davidmouth, ID 53313",N,miles
925,Shannon Hicks,205-79-8939,"15717 Ware Well Suite 610
South Jessicashire, GA 39946",Y,hours
926,Katelyn Taylor,468-89-4449,"2956 Hernandez Valleys
Stevensonborough, NE 26824",N,miles
927,Jennifer Cole,785-68-6312,"98374 Sheila Corner
Lake Erin, NC 36269",N,hours
928,Jennifer Martinez,516-65-7891,"60317 Phillip Fall Apt. 724
Garyberg, MD 85300",Y,hours
929,Mark James,823-88-8055,"960 Sandra Court
Port Debra, RI 72698",Y,hours
930,Paul Soto,237-91-9053,"81301 Donna Points Suite 890
South Frank, RI 64872",N,miles
931,Amy Torres,339-67-7462,"3693 Marcus Islands Apt. 060
Richardsmouth, DE 24593",Y,miles
932,Kevin Craig,127-20-3832,"USS Delgado
FPO AA 48380",N,hours
933,Scott Mitchell,820-78-1180,"185 Brian Knolls
Port Richard, WI 02231",Y,miles
934,Timothy Adams,310-51-8208,"19053 Gary Forge Suite 021
South Rachelmouth, MT 38897",Y,miles
935,Andrew Parker,749-56-9413,"1610 King Causeway Apt. 656
Youngstad, MH 63647",N,hours
936,Michael Cole,066-31-2744,"436 Farmer Turnpike
East Kenneth, AS 16114",N,miles
937,Patricia Hall,411-39-6697,"1723 Turner Flats
Lake William, NJ 51135",N,hours
938,Katherine Page,829-05-5284,"3777 Gutierrez Mountain Suite 253
West Jennifer, AS 84811",Y,hours
939,Daniel Moore,836-85-2678,"USNV Acosta
FPO AP 36555",Y,hours
940,Melissa Lynn,482-59-6056,"255 Jessica Unions Suite 437
Sullivanton, CA 89399",N,miles
941,Keith Golden,520-56-8293,"17924 Thompson Estate Apt. 928
Lake Robertmouth, DC 57778",Y,hours
942,Cristian Reynolds,079-65-9955,"009 Rojas Lane
Lake Jenniferstad, DC 73862",N,hours
943,Randy Sanchez,778-08-6690,"Unit 9997 Box 1903
DPO AP 28774",Y,hours
944,Brady Taylor,039-21-7111,"82688 Brown Route Suite 001
Mahoneyburgh, SC 89065",Y,hours
945,Arthur Mills,696-31-9134,"63474 Robin Rue Suite 886
South Erika, NE 08690",Y,miles
946,Bradley Anderson,122-14-6888,"PSC 8767, Box 3442
APO AP 75114",Y,miles
947,Brittney George,534-88-5982,"7744 Colleen Plain Apt. 641
West Christopher, AL 46775",N,miles
948,Stephanie Marquez,598-97-2276,"498 Samuel Vista Suite 370
New Marilynview, IN 96278",Y,hours
949,Michele Smith,531-17-6935,"994 White Meadows Suite 903
Waltonfort, PW 02217",Y,hours
950,Timothy Pineda,278-36-2625,"1991 Waller Key Apt. 934
Stewartchester, SC 48190",Y,miles
951,Bethany Lopez,177-37-6898,"54391 Briana Valley
South Christineburgh, PW 26770",Y,hours
952,Christopher Lee,409-56-6869,"27378 Heather Ford
Frederickland, ID 67390",N,miles
953,Maria Patrick,443-93-8782,"4542 Allen Cape Apt. 695
Jenniferbury, SC 24512",N,hours
954,Carlos Hernandez,388-63-1086,"26763 Collier Motorway
Maryville, KY 37662",Y,hours
955,Brenda Lin,513-61-4454,"USCGC Anderson
FPO AP 27528",N,hours
956,Mary Vaughn,060-38-2573,"5040 Dyer Crescent
Moorestad, HI 92746",N,hours
957,Brittney Bender,858-20-5862,"5987 Kathy Island
Moranborough, NM 70016",N,miles
958,Anthony Huffman,017-96-9057,"7063 Vanessa Stravenue
East Robert, OR 92607",Y,hours
959,Larry Lopez,051-79-9333,"1428 Murphy Village
Paulberg, MT 50236",Y,hours
960,Lisa Myers,370-49-9826,"42787 Curtis Springs Apt. 581
Mortonborough, ME 77577",Y,hours
961,Megan Garcia,520-15-6210,"8652 Sharon Unions Apt. 784
East Brianbury, ME 61675",N,hours
962,Gina Smith,631-29-7697,"83606 Darin Spur Suite 830
Port Jennifer, WV 84954",Y,hours
963,Elizabeth Cervantes,155-11-2468,"79659 Shepard Streets
Lake Michelle, FM 83521",Y,miles
964,Karen Hale,069-24-8696,"194 Taylor Field
Port Gregoryburgh, PW 35421",N,hours
965,Mariah Jones,313-48-2888,"651 Paul Common
South Jennifer, OH 25426",N,hours
966,Mary Reynolds,229-99-5619,"361 John Light
Elijahberg, IL 26607",Y,hours
967,Jeffrey Woods,230-86-5320,"028 Pope Walks
New Anthonyfurt, KS 19212",Y,hours
968,Mary French,481-86-6490,"135 Vasquez Parks
Jasonhaven, VI 43409",N,miles
969,Miguel Colon,104-78-5116,"48938 Joshua Park
Allisonfurt, MO 13777",Y,miles
970,Paula Wyatt,327-80-7874,"4200 Randy Extensions Suite 816
Maureenfort, MH 44411",Y,miles
971,Keith Scott,505-71-7309,"773 Brooks Springs
Rogersburgh, GU 48607",N,miles
972,Jamie Ortiz,263-52-7171,"384 Todd Square Apt. 943
Garciamouth, GU 19604",Y,miles
973,Jonathan Miles,335-83-8928,"1449 Laura Throughway Apt. 131
Garciashire, DC 21088",N,miles
974,William Brown,081-12-6996,"144 Fox Lane
New Stephen, PA 45224",Y,hours
975,Tyler Munoz,547-12-6232,"55684 Lauren Summit Suite 386
Beckmouth, KY 19354",Y,miles
976,Jeffrey Cooper,372-36-0209,"34665 Jeffery Ports Apt. 105
Claytonborough, RI 70749",Y,hours
977,Kevin Miller,894-03-1354,"54242 Ruiz Roads Apt. 318
North Jeremy, KS 52202",Y,miles
978,Paul Lawson,147-92-3015,"1225 Michael Villages Apt. 856
Sarahstad, RI 98363",Y,hours
979,Dr. Andrew Day,357-16-6152,"8208 Christina Stream Suite 264
Thomasfort, VA 89654",N,miles
980,Kristen Duran,004-89-4805,"4516 Francisco Coves
South Omar, GA 59002",Y,hours
981,Sherry Bryant,799-95-7731,"47041 Walter Bridge
West Jessicahaven, NJ 53583",Y,hours
982,Blake Walker,430-18-2257,"Unit 6086 Box 4341
DPO AP 77191",Y,hours
983,Mary Ray,433-45-9605,"78985 Michael Garden
Conniehaven, PW 94226",N,hours
984,Roger Johnson,831-71-8170,"27063 Alexander Mountains
South Angelahaven, AL 13946",Y,miles
985,Michelle Medina,585-86-1303,"47223 Heidi Landing Apt. 292
South Amandafurt, CO 17952",Y,miles
986,Maurice Oconnor,696-28-9851,"6631 Mullins Lodge
Matthewburgh, SD 40554",Y,miles
987,Alyssa Collins,423-51-5030,"943 Sandoval Pines
East Lindaburgh, MI 86488",N,hours
988,Susan Oneal,016-20-9002,"450 Gerald Rest
Katiefort, RI 73811",Y,hours
989,Margaret Smith,543-91-3269,"39167 Perez Parkways
Jacquelinemouth, CA 03661",N,miles
990,Elaine Gillespie,383-31-4990,"71391 Wilson Villages
Lake Jenniferstad, MS 51317",N,hours
991,Phillip Wagner,157-08-7233,"527 Kimberly Courts
Andreaview, FM 34977",Y,hours
992,Julia Moran,090-45-2248,"4733 Cooper Walk Suite 150
West Scottland, WA 59203",Y,miles
993,Mark Williams,376-32-1768,"974 Erik Trafficway Apt. 676
East Lindseybury, ND 71857",Y,miles
994,Anthony Morgan,442-67-6247,"Unit 8761 Box 0055
DPO AA 27296",N,miles
995,Christopher Ball,886-38-8921,"3301 Foster Ports
Dominiquestad, OR 28523",Y,hours
996,Ronald Clark,781-65-9736,"36032 Ashley Forest Suite 668
Hoffmanton, CO 44270",N,hours
997,Suzanne Campos,307-33-8618,"12584 Grant Row Apt. 349
East Richard, SC 44825",Y,hours
998,Robert Gentry,293-58-2867,"059 Collin Ridges
Kaylamouth, MO 19827",N,miles
999,Leslie Martinez,852-42-0299,"1897 Freeman Land
Norrisstad, TN 91607",Y,miles
1000,Heather Jones,760-35-7645,"7424 Pamela Mission
Stewarttown, AR 54271",N,miles
1001,Shaun Heath,575-75-9843,"PSC 7574, Box 9387
APO AP 25966",Y,miles
1002,Michael Bailey,007-89-9167,"2647 Greg Radial Suite 208
Port Amychester, ND 17170",Y,hours
1003,Terri Daniels,045-55-8147,"87065 Ryan Club Suite 169
South Josephmouth, VT 84488",Y,hours
1004,Michelle Garcia,034-73-5327,"5757 Chung Street
West Matthewport, AZ 53776",N,hours
1005,Madison Adams,377-95-8343,"58889 Connor Haven Apt. 598
Sarahaven, DC 28660",N,hours
1006,Stacie West,826-22-4541,"77224 Irwin Terrace Suite 060
Lake Michele, NM 28442",N,hours
1007,Derek Gordon,233-32-4807,"52606 Eric Lock Suite 268
Rodriguezstad, AZ 27171",Y,hours
1008,Sean Smith,186-06-0224,"959 Jonathan Park Apt. 183
New Johnville, AK 59855",N,hours
1009,Stephanie James,892-77-5200,"38157 Meza Mount
West Susan, IL 28302",N,hours
